real_estate_agency_id,type,rent,buy,price_rent,price_buy,condo_fees,id,iptu,bedrooms,bathrooms,area,parking_spaces,lat,long,street,neighborhood,city,state,country,description,title,link,nearby_places,features,images,created_at,updated_at,request_id,active,client_listing_id,is_embedded,unit_floor,client_unit_id,link_hash,iptu_period,point
f93c0b15-1b79-4790-b9fc-deb858b12979,commercial,false,true,0,185.000,500,93ac6936-43ef-471a-9d0b-73dfb813caf4,769,1,1,"29,32",1,-29.9495937,-50.9953332,Avenida Centenário,Centro,gravatai,Rio Grande do Sul,Brasil,"SALA COMERCIAL 29,32m2 Privativos | 1 Vaga coberta | Unique II - Gravatai / RS  Sala nova, nunca habitada no empreendimento Unique II de Gravataí / RS.  Sala é localizada em andar alto, com vista e total privacidade além de silêncio, itens necessários para um ambiente tranquilo e produtivo.  Recebe seus clientes com conforto e segurança.  Fale com o corretor, agende um horário e venha conhecer seu novo endereço comercial.",Sala Comercial 1 dormitórios à venda Centro Gravataí/RS,https://www.imobiliariakotel.com.br/imovel/imovel/453512-LU,,"[""Reception room"" ""Elevator"" ""Parking Garage"" ""Intercom"" ""Eco Garbage Collector"" ""Patrol""]","[""https://s01.jetimgs.com/trvAWQHuYcArjvEQrn0RZKS2Bhe0O8DO2AIZ-TQ2oimff9uPwMc_jYPtKHhVKcQOZ1WRViQlXrKRPInVHdmz/.jpg+2025-12-05"" ""https://s01.jetimgs.com/trvAWQHuYcArjvEQrn0RZKS2Bhe0O8DO2AIZ-TQ2oimfB3qMOcXjcEdR1X6RLJj0v9FXkpskXre1PWTMs0Vb/.jpg+2025-12-05"" ""https://s01.jetimgs.com/trvAWQHuYcArjvEQrn0RZKS2Bhe0O8DO2AIZ-TQ2oimfBx9tA73AyVytbB9RKR61vewtkSAkXrmwPIHgXK6F/.jpg+2025-12-05"" ""https://s01.jetimgs.com/trvAWQHuYcArjvEQrn0RZKS2Bhe0O8DO2AIZ-TQ2oimf5yYXPQLASIcq6H4PUaAweW2p7JogXrKzPSRQa1FB/.jpg+2025-12-05"" ""https://s01.jetimgs.com/trvAWQHuYcArjvEQrn0RZKS2Bhe0O8DO2AIZ-TQ2oimfh_sJ-UMCtPhTViXtzUG3O-jMFCUgXrZUPOWzXIV1/.jpg+2025-12-05"" ""https://s01.jetimgs.com/trvAWQHuYcArjvEQrn0RZKS2Bhe0O8DO2AIZ-TQ2oimfPxpW4cNnznvvrmUSThy2AStTlsYmXrMDPQ6mvrkM/.jpg+2025-12-05"" ""https://s01.jetimgs.com/trvAWQHuYcArjvEQrn0RZKS2Bhe0O8DO2AIZ-TQ2oimfx2aUQgU_yroy6nzvyNkzfVTq0p4gXrW5PXX1hTRs/.jpg+2025-12-05"" ""https://s01.jetimgs.com/trvAWQHuYcArjvEQrn0RZKS2Bhe0O8DO2AIZ-TQ2oimfh-Ju_7uAi3gyjBlqUsEqPShJcsAmXrWZPJc9_2LI/.jpg+2025-12-05"" ""https://s01.jetimgs.com/trvAWQHuYcArjvEQrn0RZKS2Bhe0O8DO2AIZ-TQ2oimfR5pRvzyDLYIxif8JVRuLQ2_rVKIjXra9PIEkKF0u/.jpg+2025-12-05"" ""https://s01.jetimgs.com/trvAWQHuYcArjvEQrn0RZKS2Bhe0O8DO2AIZ-TQ2oimfh9uKOjr98F7o13_UrZ5wRxBOliQhXrXMPL3GT5RT/.jpg+2025-12-05"" ""https://s01.jetimgs.com/trvAWQHuYcArjvEQrn0RZKS2Bhe0O8DO2AIZ-TQ2oimff2DoOrq7sT8q6yVVV53JYBBME9wkXsimPYSQfulb/.jpg+2025-12-05"" ""https://s01.jetimgs.com/trvAWQHuYcArjvEQrn0RZKS2Bhe0O8DO2AIZ-TQ2oimfh6aUvzpmTnwQ7yQVEMK1QBMoU9whXs4lPcd7OP6j/.jpg+2025-12-05"" ""https://s01.jetimgs.com/trvAWQHuYcArjvEQrn0RZKS2Bhe0O8DO2AIZ-TQ2oimff90uw7q_M8CrVCYRVxnOOZcUUh8jXsRGIgbi82Hp/.jpg+2025-12-05"" ""https://s01.jetimgs.com/trvAWQHuYcArjvEQrn0RZKS2Bhe0O8DO2AIZ-TQ2oimfh9moOgf88juw1Pkpzh_351ZQaRsiXrQtPU4SVjw0/.jpg+2025-12-05"" ""https://s01.jetimgs.com/trvAWQHuYcArjvEQrn0RZKS2Bhe0O8DO2AIZ-TQ2oimfR92LfbtDtEfRiHtW7ccpOTeULxkkXrNEPUOM81WN/.jpg+2025-12-05"" ""https://s01.jetimgs.com/trvAWQHuYcArjvEQrn0RZKS2Bhe0O8DO2AIZ-TQ2oimfR6CWBIX7dn9WiWUKbBxKe1bJcqIkXrFJPVX0ZiMM/.jpg+2025-12-05"" ""https://s01.jetimgs.com/trvAWQHuYcArjvEQrn0RZKS2Bhe0O8DO2AIZ-TQ2oimff_qQxWbmKoApaZ2qqKHzh9ZUEyUgXrRCPOqjyRPu/.jpg+2025-12-05""]","January 3, 2026, 5:17 PM","April 16, 2026, 7:25 AM",,false,453512-LU,false,6,,\xc512fa665988a633abf9348599d1e68d27f5bafd5812aa267147907332e81715,Yearly,
22856ed4-06ce-47de-91fd-7fcbe7241d64,apartment,true,false,1.550,0,247,368af60f-0bb4-42ea-8b86-b37e1f8c2e92,61,2,2,68,2,-21.202423,-47.807495,"Rua Chile, apto.",Jardim Irajá (Zona Sul),ribeirao preto,São Paulo,Brasil,"Localizado na Av. Prof. João Fiúsa, Empório Santa Angela, Padaria Villa Sucreê, Gelato Borelli e diversos comércios.  Apartamento de 68m² com: -02 dormitório com armários sendo 1 suíte e sacada; -01 banheiro social; -Sala 2 ambientes com sacada; -Cozinha com gabinete; -Área de serviço; -02 vaga de garagem.  Para mais informações e agendamento de visita, entre em contato.  Lago Imóveis - desde 1987 construindo relacionamentos e confiança com clientes e proprietários.. ref. 51491 atualizado em 12/03.",Apartamento de 68m² com 02 quartos sendo 01 suíte para locação e venda - Jardim Irajá,https://www.lagoimobiliaria.com.br/tudo-imovel.php?codigo=51491,,"[""Builtin Wardrobe"" ""Balcony"" ""Cooling"" ""Media Room"" ""Pets Allowed"" ""Kitchen Cabinets"" ""Intercom"" ""Dinner Room""]","[""https://axvliw1bcpyx.objectstorage.sa-vinhedo-1.oci.customer-oci.com/n/axvliw1bcpyx/b/ksi/o/198/foto_/2010/17013/ribeirao-preto-apartamento-padrao-jardim-iraja-22-09-2025_10-41-42-0.webp"" ""https://axvliw1bcpyx.objectstorage.sa-vinhedo-1.oci.customer-oci.com/n/axvliw1bcpyx/b/ksi/o/198/foto_/2010/17013/ribeirao-preto-apartamento-padrao-jardim-iraja-22-09-2025_10-41-43-1.webp"" ""https://axvliw1bcpyx.objectstorage.sa-vinhedo-1.oci.customer-oci.com/n/axvliw1bcpyx/b/ksi/o/198/foto_/2010/17013/ribeirao-preto-apartamento-padrao-jardim-iraja-22-09-2025_10-41-43-2.webp"" ""https://axvliw1bcpyx.objectstorage.sa-vinhedo-1.oci.customer-oci.com/n/axvliw1bcpyx/b/ksi/o/198/foto_/2010/17013/ribeirao-preto-apartamento-padrao-jardim-iraja-22-09-2025_10-41-44-3.webp"" ""https://axvliw1bcpyx.objectstorage.sa-vinhedo-1.oci.customer-oci.com/n/axvliw1bcpyx/b/ksi/o/198/foto_/2010/17013/ribeirao-preto-apartamento-padrao-jardim-iraja-22-09-2025_10-41-44-4.webp"" ""https://axvliw1bcpyx.objectstorage.sa-vinhedo-1.oci.customer-oci.com/n/axvliw1bcpyx/b/ksi/o/198/foto_/2010/17013/ribeirao-preto-apartamento-padrao-jardim-iraja-22-09-2025_10-41-45-5.webp"" ""https://axvliw1bcpyx.objectstorage.sa-vinhedo-1.oci.customer-oci.com/n/axvliw1bcpyx/b/ksi/o/198/foto_/2010/17013/ribeirao-preto-apartamento-padrao-jardim-iraja-22-09-2025_10-41-45-6.webp"" ""https://axvliw1bcpyx.objectstorage.sa-vinhedo-1.oci.customer-oci.com/n/axvliw1bcpyx/b/ksi/o/198/foto_/2010/17013/ribeirao-preto-apartamento-padrao-jardim-iraja-22-09-2025_10-41-46-7.webp"" ""https://axvliw1bcpyx.objectstorage.sa-vinhedo-1.oci.customer-oci.com/n/axvliw1bcpyx/b/ksi/o/198/foto_/2010/17013/ribeirao-preto-apartamento-padrao-jardim-iraja-22-09-2025_10-41-47-8.webp""]","March 2, 2026, 7:06 AM","March 14, 2026, 7:08 AM",,false,L51491,true,,,\xfd54356e49aa2dab98b1603d044141c3a1440dd4b4b995db2114d14edf713aaa,Not informed,
f93c0b15-1b79-4790-b9fc-deb858b12979,house,false,true,0,1.500.000,0,f1f983cc-d1aa-4a6b-914a-74c3c1464b4f,99,2,1,264,5,-29.9542767,-51.1792835,Rua Boa Saúde,Rio Branco,canoas,Rio Grande do Sul,Brasil,"Casa Sobrado com  02 dormitórios; 01 suíte com closet;,  banheira com hidromassagem,amplo living, 02 banheiros sociais; 02 lavabos; lareira; móveis planejados e cortinas em todos os ambientes; área de serviço; cozinha com cooktop; sugar; bancada de granito; estúdio; mezanino; terraço; espaço gourmet com churrasqueira; 02 pergolados; pátio lateral e fundos; jardim de inverno; adega; garagem coberta 02 carros e 03 descobertas; permanecem 02 splits; próximo a escolas e comércio local; estação Trensurb Niterói;",Casa 2 dormitórios à venda Rio Branco Canoas/RS,https://www.imobiliariakotel.com.br/imovel/imovel/56731-LI,,"[""Bathtub""]","[""https://s01.jetimgs.com/trvAWQHuYcArjvEQrn0RZKS2Bhe0O8DO2AIZ-bU1pMj5ONjW4uIGSH8r1SMP0Nmo4jKsUeki7di15sbz_OM/.jfif+2025-12-05"" ""https://s01.jetimgs.com/trvAWQHuYcArjvEQrn0RZKS2Bhe0O8DO2AIZ-bU1pMh5RueJgWbGtLg3kXgTTZwM51JrFO0i6nq14mPvGHo/.jfif+2025-12-05"" ""https://s01.jetimgs.com/trvAWQHuYcArjvEQrn0RZKS2Bhe0O8DO2AIZ-bU1pMgBAVys-eE88oNsin8RFcK1vdBSde0i6ju1qLiYRms/.jfif+2025-12-05"" ""https://s01.jetimgs.com/trvAWQHuYcArjvEQrn0RZKS2Bhe0O8DO2AIZ-bU1pMhhhxjRO-YEM1jvjH3rL0JxRxFXLeki4NW0Em0jul0/.jfif+2025-12-05"" ""https://s01.jetimgs.com/trvAWQHuYcArjvEQrn0RZKS2Bhe0O8DO2AIZ-bU1pMi5AZnRu8TGjgCybGerqOVMBzQq8eoi6zm0JX6Qa8M/.jfif+2025-12-05"" ""https://s01.jetimgs.com/trvAWQHuYcArjvEQrn0RZKS2Bhe0O8DO2AIZ-bU1pMg5Zt-WgX7CyFvtLFhWy9-LOjASku8i7Ta1oxqUmWg/.jfif+2025-12-05"" ""https://s01.jetimgs.com/trvAWQHuYcArjvEQrn0RZKS2Bhe0O8DO2AIZ-bU1pMiBAiWov2EESHktL_jTlaFJfVdUEu8i5pi14l9m5qA/.jfif+2025-12-05"" ""https://s01.jetimgs.com/trvAWQHuYcArjvEQrn0RZKS2Bhe0O8DO2AIZ-bU1pMiB_X7UhkD8i4AuUFxsEcHIuVEsKesi7a61ozun_Fs/.jfif+2025-12-05"" ""https://s01.jetimgs.com/trvAWQHuYcArjvEQrn0RZKS2Bhe0O8DO2AIZ-bU1pMgBvx4ruTnmCQQ0K-bTLtlyATSobugi6D61ie089u0/.jfif+2025-12-05"" ""https://s01.jetimgs.com/trvAWQHuYcArjvEQrn0RZKS2Bhe0O8DO2AIZ-bU1pMiBZCOugMPAyFsujx6NKiTwORRqUuki5aK0NBEpnGE/.jfif+2025-12-05"" ""https://s01.jetimgs.com/trvAWQHuYcArjvEQrn0RZKS2Bhe0O8DO2AIZ-bU1pMg5BeJX48bg97_p6iFuFqSxZbUqkusi6xG1wHNimbA/.jfif+2025-12-05"" ""https://s01.jetimgs.com/trvAWQHuYcArjvEQrn0RZKS2Bhe0O8DO2AIZ-bU1pMgBfx8JO7nAtFloC6ISKCbxQxWuUu0i6z21h_26yQk/.jfif+2025-12-05"" ""https://s01.jetimgs.com/trvAWQHuYcArjvEQrn0RZKS2Bhe0O8DO2AIZ-bU1pMj5BJvWw-Xg8QMzaSDUlMTIv9OqEu4i6XW0LKq4WeE/.jfif+2025-12-05"" ""https://s01.jetimgs.com/trvAWQHuYcArjvEQrn0RZKS2Bhe0O8DO2AIZ-bU1pMgBfPjshUb69H4w112OyOGKOTGtl-si6VK0NYSSnj0/.jfif+2025-12-05"" ""https://s01.jetimgs.com/trvAWQHuYcArjvEQrn0RZKS2Bhe0O8DO2AIZ-bU1pMi5B1tQxb7E8bzXin4oStq2ACyTLO0i6_O1qdnj0yk/.jfif+2025-12-05"" ""https://s01.jetimgs.com/trvAWQHuYcArjvEQrn0RZKS2Bhe0O8DO2AIZ-bU1pMjhYtpoOkaCK4AVKFjUlCfIRtATdO4i4o-0EI1zH-s/.jfif+2025-12-05"" ""https://s01.jetimgs.com/trvAWQHuYcArjvEQrn0RZKS2Bhe0O8DO2AIZ-bU1pMi5OH8MheQGtf7rbGMuLcOwR1aU1uoi5oe1_h7eZOs/.jfif+2025-12-05"" ""https://s01.jetimgs.com/trvAWQHuYcArjvEQrn0RZKS2Bhe0O8DO2AIZ-bU1pMiBZaOTeYO6zn02Vl9slsbwYNeqrOki6DW13d56qCQ/.jfif+2025-12-05"" ""https://s01.jetimgs.com/trvAWQHuYcArjvEQrn0RZKS2Bhe0O8DO2AIZ-bU1pMiBft6o_eTCyMI37ObTbd7wgzZSkO4i71q1eTAIfOM/.jfif+2025-12-05"" ""https://s01.jetimgs.com/trvAWQHuYcArjvEQrn0RZKS2Bhe0O8DO2AIZ-bU1pMg5QqaRvgD-KjxQqBuOkCN2AqlK7uoi7Ni1sZswR5Y/.jfif+2025-12-05"" ""https://s01.jetimgs.com/trvAWQHuYcArjvEQrn0RZKS2Bhe0O8DO2AIZ-bU1pMhBgiPoOH3C9V3XECbWbdj0eypqcOsi7p21JtJTtHc/.jfif+2025-12-05"" ""https://s01.jetimgs.com/trvAWQHuYcArjvEQrn0RZKS2Bhe0O8DO2AIZ-bU1pMiBgh1pBXm-SD_pjp0TyaXx5zKvKuki49m0T6-z6ow/.jfif+2025-12-05"" ""https://s01.jetimgs.com/trvAWQHuYcArjvEQrn0RZKS2Bhe0O8DO2AIZ-bU1pMhhR55Wfz_5CLyWCKZXlSLyuOlSUOsi6iG1cgvGiC8/.jfif+2025-12-05"" ""https://s01.jetimgs.com/trvAWQHuYcArjvEQrn0RZKS2Bhe0O8DO2AIZ-bU1pMi5AVuSPj_Csl5VqnhQUeV2YSwva-oi72m1HENF4xA/.jfif+2025-12-05"" ""https://s01.jetimgs.com/trvAWQHuYcArjvEQrn0RZKS2Bhe0O8DO2AIZ-bU1pMg5fmXouP49L3gVVxpWySXLPi1vc-0i8KG1R8CVqZQ/.jfif+2025-12-05"" ""https://s01.jetimgs.com/trvAWQHuYcArjvEQrn0RZKS2Bhe0O8DO2AIZ-bU1pMgB_PpUwQPkzrq0bh4SlJ4IR1VRVe4i54C1y8QHNyc/.jfif+2025-12-05"" ""https://s01.jetimgs.com/trvAWQHuYcArjvEQrn0RZKS2Bhe0O8DO2AIZ-bU1pMh5_-ZRfT-AMFw21V6JkqKsRVQQKu0i80W1ZhlJcdc/.jfif+2025-12-05"" ""https://s01.jetimgs.com/trvAWQHuYcArjvEQrn0RZKS2Bhe0O8DO2AIZ-bU1pMhhxHqovwPkq3nUCZ5WFJ6w-hJuc-4i4wO0POXEMIU/.jfif+2025-12-05"" ""https://s01.jetimgs.com/trvAWQHuYcArjvEQrn0RZKS2Bhe0O8DO2AIZ-bU1pMg5e9-o-7j7jXhQLx4skxorvypMb-4i8sW1Iz5gCoI/.jfif+2025-12-05"" ""https://s01.jetimgs.com/trvAWQHuYcArjvEQrn0RZKS2Bhe0O8DO2AIZ-bU1pMiBR36U4r_HKLxRavlRVSBPuFJVL-0i5Za0Jb7Fxpc/.jfif+2025-12-05"" ""https://s01.jetimgs.com/trvAWQHuYcArjvEQrn0RZKS2Bhe0O8DO2AIZ-bU1pMgBeeavPDiAS8bvrZ5ULpizv2hSrO0i8KKqyDWcClo/.jfif+2025-12-05""]","January 3, 2026, 5:17 PM","April 16, 2026, 7:25 AM",,false,56731-LI,false,,,\x8382d29446f722cb405239d58afdfd1abc6aacd541344d144472d454f3997ec6,Monthly,
fdbd83f5-ce86-49cb-9f3f-b4c5c6e76611,house,false,true,0,1.065.000,0,0d137dd4-4907-4a2f-ba41-b3d3c75a60e5,2.300,3,2,180,3,-31.727145261127742,-52.348386928268816,Avenida Vinte e Cinco de Julho,Três Vendas,pelotas,RS,Brasil,"Apresentamos esta excelente residência localizada em uma das regiões mais valorizadas de Pelotas, entre as Avenidas Fernando Osório e Jacob Bainy, no bairro Três Vendas. Em um terreno de 11 x 91 metros, com 180 m² de área construída, esta casa oferece o espaço, conforto e a estrutura ideal para viver bem. São 3 quartos, sendo 1 suíte, 2 salas  uma delas com lareira , cozinha ampla e funcional, 2 banheiros sociais e 1 lavabo, além de garagem coberta para até 3 carros com portão eletrônico. Todos os ambientes são revestidos com piso porcelanato, garantindo sofisticação e praticidade. Um dos grandes diferenciais deste imóvel é o seu sistema solar fotovoltaico com 6 módulos, que gera até 3,3 kW de potência, proporcionando significativa economia na conta de energia e um estilo de vida mais sustentável.  Nos fundos, uma construção independente de 50 m² abriga espaço gourmet com churrasqueira, cozinha, sala e banheiro  perfeita para receber amigos ou criar um ambiente de convivência diferenciado. A área de lazer conta ainda com uma piscina de 6x3x1,4m, aquecida por energia solar, integrada à área externa. O terreno possui diversas árvores frutíferas  como laranja, bergamota, limão, jabuticaba, araçá, butiá, pitanga, caqui, ameixa e uva  além de área cercada ideal para canil ou criação de animais, oferecendo contato com a natureza sem abrir mão do conforto urbano.  Com aquecimento de água elétrico e solar, portão eletrônico e projeto bem pensado, esta casa une conforto, tecnologia, sustentabilidade e uma excelente estrutura para viver e receber.  Entre em contato com nossos corretores e agende sua visita. Esta é a oportunidade perfeita para transformar esse imóvel em seu novo lar.","Casa à venda no bairro Três Vendas, Pelotas, RS, com 180 m², 3 quartos (1 suíte), lareira, piscina ",https://www.uprealiza.com.br/imovel/CA1991_UPIMOV,,"[""Kitchen"" ""Dinner Room"" ""Heating"" ""BBQ"" ""Heating"" ""Pets Allowed"" ""Gourmet Area"" ""Pool"" ""Fireplace"" ""Laundry""]","[""https://static.arboimoveis.com.br/CA1991_UPIMOV/1-271749334336431.jpg"" ""https://static.arboimoveis.com.br/CA1991_UPIMOV/1-261749334336835.jpg"" ""https://static.arboimoveis.com.br/CA1991_UPIMOV/1-281749334336795.jpg"" ""https://static.arboimoveis.com.br/CA1991_UPIMOV/1-31749334336344.jpg"" ""https://static.arboimoveis.com.br/CA1991_UPIMOV/1-41749334336358.jpg"" ""https://static.arboimoveis.com.br/CA1991_UPIMOV/1-51749334336345.jpg"" ""https://static.arboimoveis.com.br/CA1991_UPIMOV/1-61749334336381.jpg"" ""https://static.arboimoveis.com.br/CA1991_UPIMOV/1-71749334336361.jpg"" ""https://static.arboimoveis.com.br/CA1991_UPIMOV/1-251749334336851.jpg"" ""https://static.arboimoveis.com.br/CA1991_UPIMOV/1-81749334336390.jpg"" ""https://static.arboimoveis.com.br/CA1991_UPIMOV/1-91749334336629.jpg"" ""https://static.arboimoveis.com.br/CA1991_UPIMOV/1-101749334336717.jpg"" ""https://static.arboimoveis.com.br/CA1991_UPIMOV/1-111749334336357.jpg"" ""https://static.arboimoveis.com.br/CA1991_UPIMOV/1-121749334336390.jpg"" ""https://static.arboimoveis.com.br/CA1991_UPIMOV/1-161749334336389.jpg"" ""https://static.arboimoveis.com.br/CA1991_UPIMOV/1-151749334336703.jpg"" ""https://static.arboimoveis.com.br/CA1991_UPIMOV/1-141749334336680.jpg"" ""https://static.arboimoveis.com.br/CA1991_UPIMOV/1-131749334336651.jpg"" ""https://static.arboimoveis.com.br/CA1991_UPIMOV/1-171749334336409.jpg"" ""https://static.arboimoveis.com.br/CA1991_UPIMOV/1-181749334336696.jpg"" ""https://static.arboimoveis.com.br/CA1991_UPIMOV/1-191749334336806.jpg"" ""https://static.arboimoveis.com.br/CA1991_UPIMOV/1-201749334336759.jpg"" ""https://static.arboimoveis.com.br/CA1991_UPIMOV/1-211749334336733.jpg"" ""https://static.arboimoveis.com.br/CA1991_UPIMOV/1-221749334336812.jpg"" ""https://static.arboimoveis.com.br/CA1991_UPIMOV/1-231749334336774.jpg"" ""https://static.arboimoveis.com.br/CA1991_UPIMOV/1-241749334336759.jpg"" ""https://static.arboimoveis.com.br/CA1991_UPIMOV/1-291749334336825.jpg"" ""https://static.arboimoveis.com.br/CA1991_UPIMOV/1-351749334336862.jpg"" ""https://static.arboimoveis.com.br/CA1991_UPIMOV/1-341749334336868.jpg"" ""https://static.arboimoveis.com.br/CA1991_UPIMOV/1-331749334336876.jpg"" ""https://static.arboimoveis.com.br/CA1991_UPIMOV/1-311749334336896.jpg"" ""https://static.arboimoveis.com.br/CA1991_UPIMOV/1-301749334336824.jpg"" ""https://static.arboimoveis.com.br/CA1991_UPIMOV/1-321749334336877.jpg"" ""https://static.arboimoveis.com.br/CA1991_UPIMOV/1-371749334336910.jpg"" ""https://static.arboimoveis.com.br/CA1991_UPIMOV/1-381749334336909.jpg"" ""https://static.arboimoveis.com.br/CA1991_UPIMOV/1-401749334336897.jpg"" ""https://static.arboimoveis.com.br/CA1991_UPIMOV/1-117493343363101749511555175.jpg"" ""https://static.arboimoveis.com.br/CA1991_UPIMOV/1-217493343363461749511555386.jpg""]","April 6, 2026, 5:53 PM","June 14, 2026, 7:12 AM",,true,CA1991_UPIMOV,true,,,\x99edbf49d61fd2334f640e05f925fc73971f0c2c778838a2f34c7e995930bd30,Not informed,0101000020E61000005DA25FF1972C4AC02BFC1B3126BA3FC0
7e4c8587-811b-4abc-874c-49fe2770dedd,house,false,true,0,4.500.000,0,484a0489-a5c1-4cf0-9fc4-e301533975cf,1.444,4,8,594,6,-19.9571807,-43.9281808,Rua Monte Azul,Mangabeiras,belo horizonte,Minas Gerais,Brasil,"Academia, quadra de esportes, sauna, espaço gourmet, churrasqueira, aquecimento solar, câmeras de segurança, alarmes, interfone, portão eletrônico, gás canalizado, rua plana sem saída com vigia 24h, localização privilegiada, e vista panorâmica.  Excelente casa com vista definitiva da cidade, com área total privativa de 594m², composta da seguinte forma:  1 Nível: Sala de visita com piso em tábua corrida ipê, porta de acionamento por controle remoto para aceso a varanda, sala de jantar com piso em granito preto, lavabo, cozinha com armários sob e sobre bancada em granito, despensa, jardim de inverno, lavanderia e DCE completo.   Ampla área de lazer com piscina aquecida, deck de madeira com estrutura metálica para preparação de SPA, espaço gourmet com churrasqueira, chopeira elétrica, sauna e quadra poliesportiva.  2 Nível: 4 quartos sendo 2 suítes, todos com armários, piso tábua corrida em ipê, suíte máster com hidromassagem e 2 closets; 2 rouparias no corredor, banho social, mini copa, adega, estar íntimo com porta pivotante e acesso para o jardim com pomar; Home Theater, lavabo.  Mezanino com academia, sala de reunião e escritório.  Garagem: 6 vagas independentes e cobertas.",Casa a venda no bairro Mangabeirras - Belo Horizonte,https://www.whyimoveis.com.br/imovel/codigo/1227,,"[""Parking Garage"" ""Laundry"" ""Kitchen"" ""Maid's Quarters"" ""Home Office"" ""TV Security"" ""Intercom"" ""Alarm System"" ""Gym"" ""Pool""]","[""https://cdn.imoview.com.br/whyimoveis/Imoveis/1227/in314f_190665410fbd63efc_dlmodk2owuyndzh_o.jpg?1777160819"" ""https://cdn.imoview.com.br/whyimoveis/Imoveis/1227/in314f_190665410fc05fa0b_gm4nzzhyzyxnzi1_o.jpg?1777160819"" ""https://cdn.imoview.com.br/whyimoveis/Imoveis/1227/in314f_190665410fc44fb92_gu3nduxzjzmmtvi_o.jpg?1777160819"" ""https://cdn.imoview.com.br/whyimoveis/Imoveis/1227/in314f_190665410fc7417a1_wjmowuxmjywntux_o.jpg?1777160819"" ""https://cdn.imoview.com.br/whyimoveis/Imoveis/1227/in314f_190665410fca5b2cc_jk3yzjlyze4ztyx_o.jpg?1777160819"" ""https://cdn.imoview.com.br/whyimoveis/Imoveis/1227/in314f_190665410fcd2f629_gq3mzdlode1ngm1_o.jpg?1777160819"" ""https://cdn.imoview.com.br/whyimoveis/Imoveis/1227/in314f_190665410fd0d48a6_tjiztqwotmwzjzl_o.jpg?1777160819"" ""https://cdn.imoview.com.br/whyimoveis/Imoveis/1227/in314f_190665410fdb42fd3_ja4nzbjowi5odfi_o.jpg?1777160819"" ""https://cdn.imoview.com.br/whyimoveis/Imoveis/1227/in314f_190665410fe50d977_gy2otc4odfmytrh_o.jpg?1777160819"" ""https://cdn.imoview.com.br/whyimoveis/Imoveis/1227/in314f_190665410fd853292_giyndmxodm0owvm_o.jpg?1777160819"" ""https://cdn.imoview.com.br/whyimoveis/Imoveis/1227/in314f_190665410fe1deaa1_wq1nzfknju1nzrl_o.jpg?1777160819"" ""https://cdn.imoview.com.br/whyimoveis/Imoveis/1227/in314f_190665410fe87d0cb_mzjmmy5nze3ytfk_o.jpg?1777160819"" ""https://cdn.imoview.com.br/whyimoveis/Imoveis/1227/in314f_190665410ff27337b_mm5zda1ztcyognl_o.jpg?1777160819"" ""https://cdn.imoview.com.br/whyimoveis/Imoveis/1227/in314f_190665410ff8e6184_da3zwvizjg3mwm4_o.jpg?1777160819"" ""https://cdn.imoview.com.br/whyimoveis/Imoveis/1227/in314f_190665410ff5a19db_tvkzdy2n2y3zddi_o.jpg?1777160819"" ""https://cdn.imoview.com.br/whyimoveis/Imoveis/1227/in314f_190665411006d8972_dlhmtfjztu5mzm3_o.jpg?1777160819"" ""https://cdn.imoview.com.br/whyimoveis/Imoveis/1227/in314f_190665411013d39e4_tc5zgexmdy5ntaz_o.jpg?1777160819"" ""https://cdn.imoview.com.br/whyimoveis/Imoveis/1227/in314f_190665411010b2f72_ja2otlhngrlngu2_o.jpg?1777160819"" ""https://cdn.imoview.com.br/whyimoveis/Imoveis/1227/in314f_190665410fef4c3e0_wy5zja5yznkmjlh_o.jpg?1777160819"" ""https://cdn.imoview.com.br/whyimoveis/Imoveis/1227/in314f_190665411003ac847_zezytc4mtu3nwri_o.jpg?1777160819"" ""https://cdn.imoview.com.br/whyimoveis/Imoveis/1227/in314f_19066541100d95503_guxzdcyotljzjbm_o.jpg?1777160819"" ""https://cdn.imoview.com.br/whyimoveis/Imoveis/1227/in314f_190665411000225a7_jzmnde2nzzjnznk_o.jpg?1777160819"" ""https://cdn.imoview.com.br/whyimoveis/Imoveis/1227/in314f_19066541100a502fd_myxmzc2zje2yjzl_o.jpg?1777160819"" ""https://cdn.imoview.com.br/whyimoveis/Imoveis/1227/in314f_19066541101717b1b_ge5mmuzy2vjotdm_o.jpg?1777160819"" ""https://cdn.imoview.com.br/whyimoveis/Imoveis/1227/in314f_19066541101a5b59b_gmymznmzjlknty2_o.jpg?1777160819"" ""https://cdn.imoview.com.br/whyimoveis/Imoveis/1227/in314f_1906654110225a158_ja5mza4zwqxzdk4_o.jpg?1777160819"" ""https://cdn.imoview.com.br/whyimoveis/Imoveis/1227/in314f_19066541102607614_dk5mgjhndhizmrk_o.jpg?1777160819"" ""https://cdn.imoview.com.br/whyimoveis/Imoveis/1227/in314f_19066541101e8844a_gnkotqxnmfjywu5_o.jpg?1777160819"" ""https://cdn.imoview.com.br/whyimoveis/Imoveis/1227/in314f_1906654110290d18a_dq2odjmyzg3ody0_o.jpg?1777160819"" ""https://cdn.imoview.com.br/whyimoveis/Imoveis/1227/in314f_19066541102c02f4a_jyynmu5owriodg4_o.jpg?1777160819"" ""https://cdn.imoview.com.br/whyimoveis/Imoveis/1227/in314f_1906654110301a178_tm5odnmzjezzjk0_o.jpg?1777160819"" ""https://cdn.imoview.com.br/whyimoveis/Imoveis/1227/in314f_19066541103395c2a_2zhytnimwzkm2rm_o.jpg?1777160819"" ""https://cdn.imoview.com.br/whyimoveis/Imoveis/1227/in314f_19066541103c69254_ju1yjbkyjrhm2qx_o.jpg?1777160819"" ""https://cdn.imoview.com.br/whyimoveis/Imoveis/1227/in314f_19066541104000bdf_tiymtnjmmnlnwi0_o.jpg?1777160819"" ""https://cdn.imoview.com.br/whyimoveis/Imoveis/1227/in314f_1906654110383ea44_wfintczztziyzcy_o.jpg?1777160819"" ""https://cdn.imoview.com.br/whyimoveis/Imoveis/1227/in314f_1906654110480d58d_di4ymizngi2mtay_o.jpg?1777160819"" ""https://cdn.imoview.com.br/whyimoveis/Imoveis/1227/in314f_19066541104483487_wu5yzi1yzvjymqw_o.jpg?1777160819"" ""https://cdn.imoview.com.br/whyimoveis/Imoveis/1227/in314f_19066541104b20b58_2rhmwq4nzhlmwqz_o.jpg?1777160819"" ""https://cdn.imoview.com.br/whyimoveis/Imoveis/1227/in314f_19066541104e93123_dy2m2e3ymqwmjc3_o.jpg?1777160819"" ""https://cdn.imoview.com.br/whyimoveis/Imoveis/1227/in314f_1906654110526c322_jvimmy1ngq0ymjj_o.jpg?1777160819"" ""https://cdn.imoview.com.br/whyimoveis/Imoveis/1227/in314f_190665411058d59eb_jcyyzfiowqyzdvl_o.jpg?1777160819"" ""https://cdn.imoview.com.br/whyimoveis/Imoveis/1227/in314f_190665411055a38b0_wrlmwjmngzknjdh_o.jpg?1777160819"" ""https://cdn.imoview.com.br/whyimoveis/Imoveis/1227/in314f_19066541105ca0787_dvjnzrjmwjjmzkw_o.jpg?1777160819"" ""https://cdn.imoview.com.br/whyimoveis/Imoveis/1227/in314f_1906654110650d78a_zazmwm3njvmymzh_o.jpg?1777160819"" ""https://cdn.imoview.com.br/whyimoveis/Imoveis/1227/in314f_1906654110601dc26_zfkoge5zwzhmwrh_o.jpg?1777160819""]","May 29, 2026, 3:31 PM","June 14, 2026, 7:14 AM",,true,1227,true,0,,\x38a22bf287b0cd06e8797cf660c23d28892044195be183b5d38cee121e0a88bc,Monthly,0101000020E61000003763E2A0CEF645C0C5DC5ACB09F533C0
f93c0b15-1b79-4790-b9fc-deb858b12979,apartment,false,true,0,3.282.777,0,e3d7e061-875d-48f7-a854-e942cb6b2b85,0,3,4,"239,8",2,-30.036861,-51.198324,Travessa Desembargador Vieira Pires,Rio Branco,porto alegre,Rio Grande do Sul,Brasil,"Viva em meio à natureza com uma vista inigualável de Porto Alegre. Com uma infraestrutura dedicada ao seu bem-estar: quadra de esportes, playground, pet place, piscina interna e externa, fitness e muito mais. Preço e disponibilidade do imóvel sujeitos a alteração sem aviso prévio.",Garden 3 dormitórios à venda Rio Branco Porto Alegre/RS,https://www.imobiliariakotel.com.br/imovel/imovel/90556936-KO,,"[""Elevator"" ""Playground"" ""Pool"" ""Sports Court"" ""Party Room"" ""Gourmet Area""]","[""https://s01.jetimgs.com/trvAWQHuYcArjvEQrn0RZKS2Bhe0O8DO2AIZ-bQ3piqZh5jvZQc9dvzXk9oRrCFMxjItlGImXrvXPCkRmqmZ/1483753.png+2025-06-26"" ""https://s01.jetimgs.com/trvAWQHuYcArjvEQrn0RZKS2Bhe0O8DO2AIZ-bQ3piqZR5wX4fi-yP01VP4rFhiJBClTkdolXrOUPTqk8prb/1556988.png+2025-06-26"" ""https://s01.jetimgs.com/trvAWQHuYcArjvEQrn0RZKS2Bhe0O8DO2AIZ-bQ3piqZv96O-D0DisMz0nxvl52xgytUVZ4kXrELPfF3_hEp/1556987.png+2025-06-26"" ""https://s01.jetimgs.com/trvAWQHuYcArjvEQrn0RZKS2Bhe0O8DO2AIZ-bQ3piqZhxhUOABkSPnTaiPolMd2POyV85gjXrofPMywPyFa/1483752.jpg.jpeg+2025-06-26"" ""https://s01.jetimgs.com/trvAWQHuYcArjvEQrn0RZKS2Bhe0O8DO2AIZ-bQ3piqZvyKJ5-O9K1gqpQBC5ksczLOg3-rob2CUf205rw/1483751.jpg.jpeg+2025-06-26"" ""https://s01.jetimgs.com/trvAWQHuYcArjvEQrn0RZKS2Bhe0O8DO2AIZ-bQ3piqZvyeqfsN9TIIvqiaJTOSNZetJ6SYnXs_BPRBDNUDB/1556986.png+2025-06-26"" ""https://s01.jetimgs.com/trvAWQHuYcArjvEQrn0RZKS2Bhe0O8DO2AIZ-bQ3piqZPySROuc5tV8RiiRQrcDyxhDPkpknXrF0PUXG0hiq/1556985.png+2025-06-26"" ""https://s01.jetimgs.com/trvAWQHuYcArjvEQrn0RZKS2Bhe0O8DO2AIZ-bQ3piqZf9wIA7_Ei_nTbBzvrSctZykp6N4hXrYpPJ39Kqm3/1556984.png+2025-06-26"" ""https://s01.jetimgs.com/trvAWQHuYcArjvEQrn0RZKS2Bhe0O8DO2AIZ-bQ3piqZByCRvcUBr0Nqa52XkCC1QjGXcCYjXrDNPULcLFfg/1556983.png+2025-06-26"" ""https://s01.jetimgs.com/trvAWQHuYcArjvEQrn0RZKS2Bhe0O8DO2AIZ-bQ3piqZZ6Op4uG7db0SrZgISRm1_KruLJwmXrm1PXN3VFrR/1483750.jpg.jpeg+2025-06-26"" ""https://s01.jetimgs.com/trvAWQHuYcArjvEQrn0RZKS2Bhe0O8DO2AIZ-bQ3piqZx37o-OBEiEM0lWETEMaLfNVNr0UiXrNCPXC0MzZQ/1556982.png+2025-06-26"" ""https://s01.jetimgs.com/trvAWQHuYcArjvEQrn0RZKS2Bhe0O8DO2AIZ-bQ3piqZxxytAgHh8kbqUn2vVMZLhDesL6AgXrlYPMGvyT6I/1556981.png+2025-06-26"" ""https://s01.jetimgs.com/trvAWQHuYcArjvEQrn0RZKS2Bhe0O8DO2AIZ-bQ3piqZf5_sgAb-dUMQaH8pKaFLA2xQ0SIkXrKXPVinZl3T/1556980.png+2025-06-26"" ""https://s01.jetimgs.com/trvAWQHuYcArjvEQrn0RZKS2Bhe0O8DO2AIZ-bQ3piqZB_lRPeO4dnnQlxhuTuaoOZZSF0cmXrdePJz4gdvf/1556979.png+2025-06-26"" ""https://s01.jetimgs.com/trvAWQHuYcArjvEQrn0RZKS2Bhe0O8DO2AIZ-bQ3piqZf-MRfYf5z3wQkl8WSF_JYjZN9iAkXsjvPQED6bK2/1556978.png+2025-06-26"" ""https://s01.jetimgs.com/trvAWQHuYcArjvEQrn0RZKS2Bhe0O8DO2AIZ-bQ3piqZvxiWBznFdPrXVV-MaN-wgjVNrtklXrNoPX8Ja7ZE/1556977.png+2025-06-26"" ""https://s01.jetimgs.com/trvAWQHuYcArjvEQrn0RZKS2Bhe0O8DO2AIZ-bQ3piqZf6YuOQLFsnoWkOTTapsORehuddslXshnPbg0J7j6/1556976.png+2025-06-26"" ""https://s01.jetimgs.com/trvAWQHuYcArjvEQrn0RZKS2Bhe0O8DO2AIZ-bQ3piqZPxwOPTnESlxraSJQrKbJRDVW9yIgXrdPPOdyHPiW/1556975.png+2025-06-26"" ""https://s01.jetimgs.com/trvAWQHuYcArjvEQrn0RZKS2Bhe0O8DO2AIZ-bQ3piqZZ-HSxYQCtL1riZ6LLFnJf5UuqqcjXrXyPVacv82h/1556974.png+2025-06-26"" ""https://s01.jetimgs.com/trvAWQHuYcArjvEQrn0RZKS2Bhe0O8DO2AIZ-bQ3piqZP_3V-z6_rjo2i3kT7EW1RBcrVKQhXrWDPKefRRGI/1483749.jpg.jpeg+2025-06-26"" ""https://s01.jetimgs.com/trvAWQHuYcArjvEQrn0RZKS2Bhe0O8DO2AIZ-bQ3piqZR9ns4zw8qQY1jV8UUdnKB5dMV5ghXrRtPVxmyR4E/1483748.jpeg+2025-06-26"" ""https://s01.jetimgs.com/trvAWQHuYcArjvEQrn0RZKS2Bhe0O8DO2AIZ-bQ3piqZP9yL-f2_zkXQ7ntsL55OYiyVFN0kXrCMPWtrIyrI/1483747.jpg.jpeg+2025-06-26""]","December 14, 2025, 8:22 AM","April 16, 2026, 7:25 AM",,false,90556936-KO,false,,,\xb4421cafba79d01436606cf3c871658afbf67f73f42afc4af72dfd827ee72a6d,Not informed,
f93c0b15-1b79-4790-b9fc-deb858b12979,apartment,false,true,0,3.322.715,0,8ac115c7-4a8f-41d4-b64d-70774401fe28,0,3,4,"196,1",2,-30.042271,-51.203178,Rua Felipe de Oliveira,Santa Cecília,porto alegre,Rio Grande do Sul,Brasil,"O Square Garden é um empreendimento completo que combina sofisticação, conveniência e lazer. Localizado em uma das regiões mais valorizadas da cidade, próximo às avenidas Ipiranga e Protásio Alves, o projeto conecta sua família a universidades, escolas, shoppings e parques, oferecendo mobilidade e qualidade de vida. Com duas torres residenciais e uma torre Multistay, além de um moderno Foodhall e Mall, o Square Garden foi pensado para facilitar o dia a dia. O empreendimento conta com minimercado, lavanderia, Wi-Fi nas áreas comuns e segurança de alto padrão, incluindo guarita blindada, reconhecimento facial e monitoramento por câmeras. As unidades variam de lofts e apartamentos compactos a amplos residenciais, com opções de gardens e coberturas. De momentos de relaxamento a atividades esportivas, o Square Garden também oferece uma estrutura de lazer diferenciada. Piscinas coberta e externa, quadras esportivas e de beach tennis, salão de festas, espaços gourmet, brinquedoteca e um rooftop com vista deslumbrante garantem experiências únicas para moradores e visitantes. Um verdadeiro refúgio urbano para quem busca morar, investir ou aproveitar o melhor de Porto Alegre. Preço e disponibilidade do imóvel sujeitos a alteração sem aviso prévio.",Cobertura 3 dormitórios à venda Santa Cecília Porto Alegre/RS,https://www.imobiliariakotel.com.br/imovel/imovel/90556940-KO,,"[""Elevator"" ""Pool"" ""Game room"" ""Gourmet Area""]",,"December 14, 2025, 8:22 AM","April 16, 2026, 7:25 AM",,false,90556940-KO,false,,,\x4c5469b6957a7df8bff47ea26adebfd5c58db51b8f21060fe9ccfed7373fb581,Not informed,
540d6969-8c9d-4917-9f06-5f71306fd28f,apartment,false,true,0,285.000,150,b0a2806c-824e-4b82-8bd0-1dadb9a8f9c0,10,1,1,28,0,-23.5523619,-46.5963336,Marcial,Mooca,sao paulo,São Paulo,,,studio à venda na mooca,https://castan.com.br/imovel/?codigo=PL20772,,"[""Elevator"" ""Gourmet Area"" ""Gym"" ""Party Room"" ""Pets Allowed"" ""Reception room""]","[""https://cdn.vistahost.com.br/castanim/vista.imobi/fotos/52236/i14ZL7sd3JYBK9Du12Q_52236654954e951668_WM1M2ViMjQ2MTEx_o_wm.jpg"" ""https://cdn.vistahost.com.br/castanim/vista.imobi/fotos/52236/i14ZL7sd3JYBK9Du12Q_52236654954eb2614c_DJlMTg5OTA1Y2Fj_o_wm.jpg"" ""https://cdn.vistahost.com.br/castanim/vista.imobi/fotos/52236/i14ZL7sd3JYBK9Du12Q_52236654954ecdc205_mFmMTU2YzI2NjY2_o_wm.jpg"" ""https://cdn.vistahost.com.br/castanim/vista.imobi/fotos/52236/i14ZL7sd3JYBK9Du12Q_52236654954eedc2ea_GUwMGVjOWJmOTcz_o_wm.jpg"" ""https://cdn.vistahost.com.br/castanim/vista.imobi/fotos/52236/i14ZL7sd3JYBK9Du12Q_52236654954f0b20e0_jg0YTNlYWViNjFl_o_wm.jpg"" ""https://cdn.vistahost.com.br/castanim/vista.imobi/fotos/52236/i14ZL7sd3JYBK9Du12Q_52236654954f27c220_DMwYWZkMDkyOWM3_o_wm.jpg"" ""https://cdn.vistahost.com.br/castanim/vista.imobi/fotos/52236/i14ZL7sd3JYBK9Du12Q_52236654954f450b82_zUzOTY1ODExYTY2_o_wm.jpg"" ""https://cdn.vistahost.com.br/castanim/vista.imobi/fotos/52236/i14ZL7sd3JYBK9Du12Q_52236654954f628efc_zdkMDBjZDc4Yjg1_o_wm.jpg"" ""https://cdn.vistahost.com.br/castanim/vista.imobi/fotos/52236/i14ZL7sd3JYBK9Du12Q_52236654954f7b0280_zQ0MWIwNDVjNjlh_o_wm.jpg"" ""https://cdn.vistahost.com.br/castanim/vista.imobi/fotos/52236/i14ZL7sd3JYBK9Du12Q_52236654954fa4112d_TU4OGU2MDVjMzU4_o_wm.jpg"" ""https://cdn.vistahost.com.br/castanim/vista.imobi/fotos/52236/i14ZL7sd3JYBK9Du12Q_52236654954fc14fdd_TBmNGU3YmI3YzU0_o_wm.jpg"" ""https://cdn.vistahost.com.br/castanim/vista.imobi/fotos/52236/i14ZL7sd3JYBK9Du12Q_52236654954fdd205a_GM5ZTJmYmU1ODZh_o_wm.jpg"" ""https://cdn.vistahost.com.br/castanim/vista.imobi/fotos/52236/i14ZL7sd3JYBK9Du12Q_52236654954ffdf2c0_mM1NTFjYWY2YjI0_o_wm.jpg"" ""https://cdn.vistahost.com.br/castanim/vista.imobi/fotos/52236/i14ZL7sd3JYBK9Du12Q_522366549550199775_TMwYjgzNWM1ZDVj_o_wm.jpg"" ""https://cdn.vistahost.com.br/castanim/vista.imobi/fotos/52236/i14ZL7sd3JYBK9Du12Q_522366549550622c01_jk5NzE1NGZjNDVj_o_wm.jpg""]","October 18, 2024, 12:18 AM","February 20, 2026, 7:15 AM",,false,PL20772,true,2,,\x4ed43ccf659334288a34590a6a293c445728c10bd1e3e2ef65f18e9c3eb71673,Not informed,
0ec8715f-6005-4ee9-92f4-433bc9447f4e,house,false,true,0,2.150.000,0,5763cc55-d004-45ef-84b8-322fed0fec4b,0,4,5,406,6,-23.635651,-46.524191,Rua Holanda,Parque das Nações,santo andre,,Brasil,"Sobrado alto padrão com piscina à venda  no Parque das Nações em Santo André, terreno 500m2  com 04 dormitórios sendo 02 suítes com closet e sacada,  sendo 01 com ar condicionado e armários planejados, escritório, sala de estar e sala de jantar, lavabo, cozinha ampla planejada, área Gourmet completa,  Piscina  com Deck de madeira e Paisagismo, amplo quintal gramado, com 06 vagas de garagem. Sobrado com aquecimento solar.  Excelente localização,  fácil a  Av. Dos Estados, 5 minutos do Centro de Santo André. Agende a sua visita.     Com sede em Santo André, A Donizete Imóveis está presente em todo ABC há mais de 30 anos, ajudando pessoas a realizarem o sonho de conquistar o seu imóvel. Conheça nossa imobiliária, nós temos mais de cinco mil imóveis ativos cadastrados em nosso banco de dados e corretores profissionais especializados na região para te ajudar a encontrar o seu imóvel ideal.  Donizete Imóveis Você conhece, a casa é sua!","Sobrado com 4 dormitórios à venda, 406 m² por R$ 2.150.000,00 - Parque das Nações - Santo André/SP",https://www.donizeteimoveis.com/imovel/-/SO4024,,"[""Escritório"" ""Ar Condicionado"" ""Churrasqueira"" ""Piscina"" ""Quintal"" ""Área de serviço"" ""Despensa"" ""Interfone"" ""Armário na cozinha""]","[""https://images.ingaiasites.com.br/fdcfe93e3bdb34cac4ae537edad8a203.jpg"" ""https://images.ingaiasites.com.br/9d4f02f26ab1bec2442e3c01f8fdf10a.jpg"" ""https://images.ingaiasites.com.br/cb187efac7a76f854d0690804cd60fd7.jpg"" ""https://images.ingaiasites.com.br/c2b600559b6f689e89fa21808bde20a3.jpg"" ""https://images.ingaiasites.com.br/77831572f8893d2dd2659d32124fdafd.jpg"" ""https://images.ingaiasites.com.br/4af54d50ac2363d2850c3a805df31fba.jpg"" ""https://images.ingaiasites.com.br/d302c0159e924f460ada3e7a950a8ea8.jpg"" ""https://images.ingaiasites.com.br/9c00c9503fa4c548939f5f57438fe7f8.jpg"" ""https://images.ingaiasites.com.br/6c8506fb8d33779203202eba7a7908cd.jpg"" ""https://images.ingaiasites.com.br/8868b02877dcc2d5700419937eb56cc8.jpg"" ""https://images.ingaiasites.com.br/12886d0bee3c029b9b27f8fd5ceb0921.jpg"" ""https://images.ingaiasites.com.br/688080ca47850f1c0722cc4438d79241.jpg"" ""https://images.ingaiasites.com.br/b1993541ab03fcecd48be3d2646b67b1.jpg"" ""https://images.ingaiasites.com.br/d9ab7ee96a1c3ca6a3ba44c37c950e88.jpg"" ""https://images.ingaiasites.com.br/13e3058ee5356a115567692cbd95b048.jpg"" ""https://images.ingaiasites.com.br/e4822cfbb48da562b39dba5fe0ba67a8.jpg"" ""https://images.ingaiasites.com.br/2b785c1421583afc5c423887f549f705.jpg"" ""https://images.ingaiasites.com.br/d5e123c233071270eeaf1e7933dfeea3.jpg"" ""https://images.ingaiasites.com.br/25d721f5158356c911bb1bebfdd409a0.jpg"" ""https://images.ingaiasites.com.br/fb4da1a91531edfb0e5edf6c05df49f2.jpg"" ""https://images.ingaiasites.com.br/15066476f0854535a742a5fa19813a7a.jpg"" ""https://images.ingaiasites.com.br/7c9f4c408e2e99d1a1b7341b50d8a9ca.jpg"" ""https://images.ingaiasites.com.br/e0b00d32479b4ed9f88acd647b5e95f5.jpg"" ""https://images.ingaiasites.com.br/dabc97d16fa0aeab0e4461d18f8269ce.jpg"" ""https://images.ingaiasites.com.br/253e6eebc88bbe5880f55a2fae833539.jpg"" ""https://images.ingaiasites.com.br/908e2492ee8b74686895e483229a2249.jpg"" ""https://images.ingaiasites.com.br/0f634994e9d203df9c3efc69fcd53350.jpg"" ""https://images.ingaiasites.com.br/f8adbc73ae160be1eed4541e56456d35.jpg"" ""https://images.ingaiasites.com.br/534bb51d4260f66fa4e4d9b6778705c8.jpg"" ""https://images.ingaiasites.com.br/52396e5a05ec3b7457d014d2261dadf1.jpg"" ""https://images.ingaiasites.com.br/c2ec5e07aaa02ef4025514add16f52ad.jpg"" ""https://images.ingaiasites.com.br/42f72246c8d793cede3e33a1ad761cfd.jpg"" ""https://images.ingaiasites.com.br/f40c90c848044cf72450720295c47a02.jpg"" ""https://images.ingaiasites.com.br/a21ed8141e8d51844e31f243bbee076b.jpg"" ""https://images.ingaiasites.com.br/63954f6316affdc42b0ade476d971b0c.jpg"" ""https://images.ingaiasites.com.br/c9843ffa5c203184dc9be1988ab4b21d.jpg"" ""https://images.ingaiasites.com.br/1bc714bfa071c5ab668751e832115e08.jpg"" ""https://images.ingaiasites.com.br/754eef72e59c51bd278ae8d4995ceac2.jpg"" ""https://images.ingaiasites.com.br/b90e34e7a7c9c056313f9c3527cdbf87.jpg"" ""https://images.ingaiasites.com.br/c15cecc0308474b9a058539354be2f54.jpg"" ""https://images.ingaiasites.com.br/b7aa3c814b6657c521db84e1cd0874eb.jpg"" ""https://images.ingaiasites.com.br/0e3bd78be118600e3bd10524ed2e65d6.jpg"" ""https://images.ingaiasites.com.br/2d7de65855441bc4a6aaa14a678392ba.jpg"" ""https://images.ingaiasites.com.br/cbca92645dcab187f68d6c847c94fea4.jpg"" ""https://images.ingaiasites.com.br/31c3307a862e56fdb743d8faaf333aa4.jpg"" ""https://images.ingaiasites.com.br/c5c9b6818822c5d7355032ba4ea9be25.jpg"" ""https://images.ingaiasites.com.br/ca1e05c71b90888c79ae90b2cd0997e0.jpg"" ""https://images.ingaiasites.com.br/3e1973dfeb56c1be69f530d001f35517.jpg"" ""https://images.ingaiasites.com.br/95911827f1deafdcf3bd5e72d77ffce1.jpg"" ""https://images.ingaiasites.com.br/6f7d624b9f066bda970d16b2fb97df9f.jpg"" ""https://images.ingaiasites.com.br/9ce3bbcf0cbdc52a410ede2a96f7f90f.jpg"" ""https://images.ingaiasites.com.br/68084ecedd32c1e58b71e0f37d901eca.jpg"" ""https://images.ingaiasites.com.br/1984adc79497d29b14c60aee62fd776a.jpg"" ""https://images.ingaiasites.com.br/905b60fd122fdd49ce9887dcd085847f.jpg"" ""https://images.ingaiasites.com.br/3dadd984f5c246dc61157b0c40338568.jpg"" ""https://images.ingaiasites.com.br/17ae58c9d5c64e742b248bfd11f02c01.jpg"" ""https://images.ingaiasites.com.br/c47efd423ccdd8a82fc2e401b4fda9f7.jpg"" ""https://images.ingaiasites.com.br/c90df768ab9e630eb32905397024a4d8.jpg"" ""https://images.ingaiasites.com.br/b7cf60eda1d77855bfb76c8dd8add183.jpg"" ""https://images.ingaiasites.com.br/e058bd571b712a8dd503e2d5153cce3e.jpg"" ""https://images.ingaiasites.com.br/768e2da0c9099da0945ee08706aebf9b.jpg"" ""https://images.ingaiasites.com.br/0fc1015f0262166096c7abbacc31b513.jpg"" ""https://images.ingaiasites.com.br/79f700409228867babb508dece49e40f.jpg"" ""https://images.ingaiasites.com.br/d7a2e0287ee50c5dd37ca7cf9ed78282.jpg"" ""https://images.ingaiasites.com.br/2f5373ba48561ddae0cb09592efe2a64.jpg"" ""https://images.ingaiasites.com.br/5a4fb87353697512969ef48dc37a21c4.jpg""]","March 25, 2026, 1:23 PM","June 14, 2026, 7:08 AM",,true,SO4024,true,,,\x44b495f0f1b48f05adc17588137f759a0a76aa429e66f8ba5cfbeb171a9e4cc2,Not informed,0101000020E6100000C4EDD0B0184347C071AB2006BAA237C0
b23ec13e-2994-4bc0-909d-ebb23cba9f6e,house,false,true,0,636.000,0,2f29ab1a-4fa4-417f-bfdf-96cdfa730877,75,2,1,121,2,-23.6666679,-46.5088614,Rua Osvaldo Aranha,Vila América,santo andre,São Paulo,Brasil,"Casa à venda na Vila América - Santo André - Ótima localização.  Imóvel antigo precisa de reforma  Terreno 152m². dimensão (8,59x 17.5), 2 dormitórios, 1 banheiro e 2 vagas cobertas , excelente localização  com toda conveniência do comercio, feira livre aos domingos, supermercados , escolas , transporte publico e ao Shopping Atrium.  Com sede em Santo André, A Donizete Imóveis está presente em todo ABC há mais de 30 anos, ajudando pessoas a realizarem o sonho de conquistar o seu primeiro imóvel. Conheça nossa imobiliária, nós temos mais de cinco mil imóveis ativos cadastrados em nosso banco de dados e corretores profissionais especializados na região para te ajudar a encontrar o seu imóvel ideal.","Casa Residencial 2 Quartos com 2 Vagas – Vila América, Santo André",https://www.donizeteimoveis.com/imovel/-/6341,,"[""Kitchen"" ""Pets Allowed""]","[""https://cdn.imoview.com.br/donizeteimoveis/Imoveis/6341/1ofygqi-iykwkkjxs1fousohi1q4h35wjbkx0kj10b28cmj9gh4h_3m2xue9h3vtp5tlxhoonno50dut6poczxvvonffua2esxep-ybrvu095ww1024-h768.jpg?1776272706"" ""https://cdn.imoview.com.br/donizeteimoveis/Imoveis/6341/7osek0pvvjabafoerzlzmzlnxmabkqvg2vttg9mdtxsgn7se8yeryi6wg63dvd5svsyzpnmp3ywvreuve4tlxao0vunrfbevg8epd3y5oy9moaaw1024-h768.jpg?1776272706"" ""https://cdn.imoview.com.br/donizeteimoveis/Imoveis/6341/37smnzpsvscjlkkqp2eoqs0auncirgdnms01f9qany35xqjixavza4pwi7epvsmtfq4joxirblipjya-deijovh77mgrsyla7ufgua4zblwlqln9w1024-h768.jpg?1776272706"" ""https://cdn.imoview.com.br/donizeteimoveis/Imoveis/6341/-9stiqycp0uzo2fjchz7h3m8rl_v9vfma1doovd_mxjznz8t8qvcodtxwv6cpkl2gw3wveww5p45sy5cfqax0etddr_ywr5sy0te1ijiwfkrqapcw1024-h768.jpg?1776272706"" ""https://cdn.imoview.com.br/donizeteimoveis/Imoveis/6341/jyb_bswd0m_tmag3qe0mkuz0nmrfhwcqdoi3iymnkac4y4xl0yw8yjuhwdowxc4mld9ok7mrttc821qqnrnwjop0ljg8pe7x9bco4kcmilgipww1024-h768.jpg?1776272706"" ""https://cdn.imoview.com.br/donizeteimoveis/Imoveis/6341/5bttusv7h-mbdgwxd41hutm4imtt0-rkpjeyxunbynbifmbglat5kwixr6v_8ntrezx6zl_hb4dftpjsi2tlfivqmfytnj5_pkohvqpse1wjxrqw1024-h768.jpg?1776272706"" ""https://cdn.imoview.com.br/donizeteimoveis/Imoveis/6341/xiw9bqlpnqds_-2j6omk2sko1yimizrs_6wolqfr5jsbcjh1b_k55jvn_fifvfgksacrnjmjzebo-yxslr82c7lupodzjjjrnikm2pe_kohsy1evw1024-h768.jpg?1776272706"" ""https://cdn.imoview.com.br/donizeteimoveis/Imoveis/6341/tjya6duckzaojso42-ggtmhh1l1bodpzwfcyh4-thfgtuo0s7ezp13zs3zxqihevb258p34spi1jgo_gynvc3xrji-nrerscfdtaun_0hrnruekw1024-h768.jpg?1776272706"" ""https://cdn.imoview.com.br/donizeteimoveis/Imoveis/6341/ryfitnvsh6inwyjham_bx89t4w32_ygrkdavbdxjoixhojzmq7qfjgct1i6r6uh3r-clhdlj-lztw1tsq1msu35qdyrpcdmt4hacsxumcbp5lzl1w1024-h768.jpg?1776272706"" ""https://cdn.imoview.com.br/donizeteimoveis/Imoveis/6341/blqampn_uczj-itsz6hbvlzuk7taxev3izwx2xs30vshtng-wdpbhwgh686vxll1k84hjdvlp39-ipidr9oaqrvih-pti2jrscujp-8exelkxkmw1024-h768.jpg?1776272706"" ""https://cdn.imoview.com.br/donizeteimoveis/Imoveis/6341/rd3kqylnnhezebkfmghigqgcil2bjrmtq0ysaxbcqdjznga5jtbzry3qc1vfbliusspmsm2o7bbbwl63zugt6gf8imd7lq_go5calogrlspsoww1024-h768.jpg?1776272706"" ""https://cdn.imoview.com.br/donizeteimoveis/Imoveis/6341/6ggewb74zjqb0urdwa3xl9qcp31u4motaq8-yso4vodquuh5gzew3bmlkegy0wlgjgazit_9akllikjdexffb795kkklgrd9m4urjceipkrj9aaw1024-h768.jpg?1776272706"" ""https://cdn.imoview.com.br/donizeteimoveis/Imoveis/6341/8xhlph7p931ihlorer_77hrkyoqwcbj_fc6aqsauxb3v-opwvrmt6_gwzemrsgn6oi-_ynsxsucdq4h6cgdlmeagmjfmfx8l9nclqqazjfp1kqiw1024-h768.jpg?1776272706""]","June 5, 2026, 1:51 PM","June 14, 2026, 7:12 AM",,true,6341,true,,,\xca0e125b3154da2939e69e9e30e516476bfca989781cbb94bf17686feb394eaf,Not informed,0101000020E61000003099CF5E224147C002CB5BBFAAAA37C0
bbc659af-98bb-4d08-8cfb-106d4d26b953,apartment,true,false,1.556,0,235,7fdbb7d5-9de1-4d81-8277-b9efce447139,92,2,2,60,1,-21.9994281,-47.8922637,Alameda das Azaleias,Cidade Jardim,sao carlos,São Paulo,Brasil,"Descubra o seu novo lar no encantador bairro Cidade Jardim, em São Carlos! Este incrível apartamento de 60m² no Edifício Erycka é a combinação perfeita de conforto e praticidade. Com 2 dormitórios, sendo 1 suíte, e 2 banheiros, este imóvel foi projetado para atender todas as suas necessidades, proporcionando um espaço acolhedor e funcional para você e sua família. Aproveite momentos especiais na ampla sala de estar e sala de jantar, ideais para receber amigos e familiares. A cozinha ampla e a área de serviço garantem que suas tarefas do dia a dia sejam realizadas com eficiência. Além disso, a sacada oferece uma vista agradável, perfeita para relaxar ao final do dia.  Localizado próximo à UFSCar e à USP, o Edifício Erycka conta com segurança e comodidade, incluindo portão eletrônico e garagem privativa. Não perca a oportunidade de viver em um dos melhores empreendimentos de São Carlos. Agende sua visita e venha conhecer o seu novo lar no Cidade Jardim, onde qualidade de vida e praticidade se encontram!","Apartamento em Cidade Jardim - São Carlos, SP",https://abiasimoveis.com.br/imovel/?codigo=12583,,"[""Maid's Quarters"" ""Aquarium"" ""Kitchen"" ""Parking Garage"" ""Electronic Gate"" ""Balcony/Terrace"" ""Dinner Room""]","[""https://lh3.googleusercontent.com/t2ffFW3HpVLix2n6OkgIigPBmjvVDMls0bdiC5BYSdrKBuVWQ3jYdPhKNiatltYESSHO2jOaV9Mx010F_ziALClZi6rF7vQM5rSh8XMlQTX8j4Kid27TkF_B=s0"" ""https://lh3.googleusercontent.com/hzVZr_mgYosS4UAuZpeEm5TNgBwsb1Q6pXDlgwzvnwdKq3jGBzMOvH7nYT_Rzsv-hZSPQLfsRkygxmHpGRmqaRrCbBQHGhVFr6HpR6124ZKnn-BwhP5M2g=s0"" ""https://lh3.googleusercontent.com/aqWpesseuLqWkIwr8B5Gy_gzBXZju9azeezJhVDgrBBs7cTBzUy4stxCOuNMOo68vNV4q693i6uDD6s1OnC4Gzvx6Uz0wKXrdq0MPH4L8qv6qlD-fFOscA=s0"" ""https://lh3.googleusercontent.com/-q1i4hD-v0B_v43w98kCDnbNRfxG4cC-QpMHxy91R0MOBVguD_bP7_n5o33sVnqgBNzYH5-Us1njnu38sl1uybYXQJQBVZ3ZM5EGC3YKaPQgruSO5MhAtw=s0"" ""https://lh3.googleusercontent.com/V7WusA-vOqzXzY849N1UZN8tbHE-IS9hXI1n0Bhfl4JIUQ_bepgRuslHf0cWnsCzZ7NsNNxAm68CGjIPazi2ysNRb22Q4fwwp-4frdbNYWf6kZitrsTUqyTV=s0"" ""https://lh3.googleusercontent.com/i1u63WzvHUhfYxJEvXfQ1eoWX_5NFeYgWTEVyFbcjBIEqs7HPMDa3Oc91pO1id7UcNacUsfPIBC9isQ-SDOYwYeN-9e82g7GUscYdneWIHcJix3xXclU8P4X=s0"" ""https://lh3.googleusercontent.com/rig3eFkgQ1F8y8bEqZgvipVq5AE-vWeIAP-hOBQBKdsZNqTFve5A36FltE_R7C40jt-KZybEAHo5MCPaNi098yHmp6AuxAavtSpjxKsGqOxahKQuQHPZa0s=s0"" ""https://lh3.googleusercontent.com/UN4AIsuim8IQfOmrWisqorbP-t9NgLN-UQLC37rxmUdAN3rKj998Jvnii4aWQ72ANo0NdKOgt0y8KAYtWL2Hka6R7A42LlolzPMgXgTJeURaltrlVwIvGj0=s0"" ""https://lh3.googleusercontent.com/DGAeR_jzNm9SBWd_RVCLoQkPlJrEOX45JHP8S-Vuwmv8vpjsLaJHf9sUHgWVbsrtfCMgvl0rGD57lVadeWUTAIGpJt4LcCo9up2vmvKigNWLEnbzM2y_8HI=s0"" ""https://lh3.googleusercontent.com/3Z75ByBasJRjBM6bNmWPVRqnPO1oaG6htOe6I9z7I3avmSG3k7HOMiIQi2G9FNZ7ElZ8T0sKf4truk-_G4bhsWYRm5kbejzNmih6szDBT10PULhQvYSrucE=s0"" ""https://lh3.googleusercontent.com/8t8WN6Pnc7XABaCIZ287nIVYTcx2xWwN-bg0iEYs2O8a_Jrz-6QLLvOmdVraF8Pk0oXWY28K_7PXxZIPz-lyUzYaOruCMH0mM2q43vHntApiknpEvHSlAA=s0"" ""https://lh3.googleusercontent.com/tHwdwXNPMYQVXmxHw5Ewu2AJVcR81o9NjKOTl7qz_9uC4sR5MY-YAppHceFPTu8zHi_nUeby5twEI13aX2CNgQI5ek6rtW9ov7jdW6bc3RINzDyQIHTxQaA=s0"" ""https://lh3.googleusercontent.com/yTI3z9sp2VlwtV87J7tbczZYckRDem1hnWQEzeIDdzYJi3ung0hp1lyhVfEktiZQpoSIFIrv4YPS7oTX_bz9Kb7lIOhK9dZrWzXZsB1PGtxfEYZ07A3Me-c=s0"" ""https://lh3.googleusercontent.com/Zy35s052dEzlhmqhDHok2f6EpxwAiYDrOuk1Bi5vFRXswsiVbO1Qxg97fhvFtG7AN5OPxpUoBqZW-xllseEHPj0STkznIJagdtvBzvqcdCKyFiG0B7yljrDi=s0"" ""https://lh3.googleusercontent.com/3RpfkRifAqyzQBlkcRW7cwkq3GAfcUcKiqyQRJUqcIbw8NZcCrT1OStk2P6jC2NfiK_ARyUVxtkDJjLovTv1F8H8dIwR6HKE1RcDaNLz87EePVIpv1Ulkz0w=s0"" ""https://lh3.googleusercontent.com/a9LE7KepO_RHPQ-4JebKU5C2LjiWKBH8OqnMsuqaiMD_2Ec3mnmQP6hTT60WNWAyfB2GBkBpMPcD7rfZztE6Dh6mzzMUsfqZwqR-PeYxShb0EekF4cPl3wA=s0"" ""https://lh3.googleusercontent.com/we5S-WYpfEMhziqrcHImvNl71W-rl_4KoiN8VpI7Xh2IoRxiTxjk-oD4t703npdneil1P5hypxIQ_NmsyxutZV0yseZh_lpiwc6f_XGLXi7V-Zq-sEgJVORm=s0"" ""https://lh3.googleusercontent.com/C2t48azyDYn854QmCR9UV8ijswMG5c0rr22GgnFr5gsL-XCCn0zke27L_WOHZYQUo8QbqIGX1EezZE2VIoq-qWChJqtwK4_qt0jVJVd6iko2eF85Fi2S2w=s0"" ""https://lh3.googleusercontent.com/2Imp5TF0Z0fjnRYgGJcwBU9RozmXuyInU-ZO9kH1DzVaSkJcl1dKGO5UMF-flkr5g2hzQPEybRufBlICql-W3eXdsMgP_0S-PCP-Agy8iclGGBCdk4yzLx7g=s0"" ""https://lh3.googleusercontent.com/yGF8LllSd5ZsflKPlaBIzDbRUlo2ZeoSsUArfYZsvNgdw0yNzqtb4gEyiWv88lo5S_X-POGk5XtWUo4MasQ1gJsFhv7jp86w1GJnlYsZRHLQ6-k14s6FiKg=s0"" ""https://lh3.googleusercontent.com/vV5IXPCg59zebKqneJ0sEh2ewkYJMVOsH45PsnXeqtZSWetutnzf1w-ImNcPuyFPXOmvvT0Q-STBEwXkRMhvxbieUUTJrlXR87ridZOGfvwmGAl7Njzlfjjb=s0"" ""https://lh3.googleusercontent.com/4ZxM99mFrP5osMMJfOxOypa_v76nvKzbdgdosIKGSTAn4oTUWI-ltErIj2ACSdnB82EYYOUlFj0lIe6uB_mUMPArBsWP1wcVU52RxM710aG_b5FxsVa6Ihs=s0""]","June 11, 2025, 9:04 PM","December 9, 2025, 4:18 PM",,false,12583,true,4,,\xd1ddaa1c366bb96fbe8c0e85ee8562b15b56adc75873d08c2c0c5a093d1ce5f5,Not informed,
0ec8715f-6005-4ee9-92f4-433bc9447f4e,apartment,false,true,0,972.000,660,384b56c8-c1be-4252-89a5-a15a854c8320,0,3,2,86,2,-23.675897,-46.524537,Rua Itararé,Vila Assunção,santo andre,,Brasil,"Apartamento novo à venda na Vila Assunção, Santo André.  Pronto para morar! Seja você o primeiro morador deste incrível imóvel e decore-o como sempre sonhou! O apartamento tem 86m² de área útil com 3 dormitórios sendo 1 suíte, banheiro social, living para 2 ambientes com varanda, cozinha e área de serviço. Possui 2 vagas de garagem.  O projeto dos ambientes foi elaborado de forma a deixar os cômodos espaçosos e aconchegantes. Fotos do apartamento decorado.  O condomínio de torre única totalmente pastilhado, possui 20 andares com 4 apartamentos por andar, salão de festas, churrasqueira, piscina e mini quadra. Com sede em Santo André, a imobiliária Donizete Imóveis está presente em todo ABC há mais de 30 anos, ajudando pessoas a realizarem o sonho de conquistar o seu primeiro imóvel. Conheça nossa imobiliária, nós temos mais de cinco mil imóveis ativos cadastrados em nosso banco de dados e corretores profissionais especializados na região para te ajudar a encontrar o seu imóvel ideal.","Apartamento à venda, 86 m² por R$ 972.000,00 - Vila Assunção - Santo André/SP",https://www.donizeteimoveis.com/imovel/-/AP17645,,"[""Elevador"" ""Área de serviço""]","[""https://images.ingaiasites.com.br/3616ce233dccc8f5cee9c7b976205b5f.jpg"" ""https://images.ingaiasites.com.br/5a470d86e9164cafccbe73c9ee88e5fe.jpg"" ""https://images.ingaiasites.com.br/b43b579aa573153e94c4813187691239.jpg"" ""https://images.ingaiasites.com.br/19fa7573540e7f51f749d1d7641f6cbe.jpg"" ""https://images.ingaiasites.com.br/6150401de5e82b68b26284c9f19f26c8.jpg"" ""https://images.ingaiasites.com.br/bb50bbccfdb2d036bd651b30f340bb98.jpg"" ""https://images.ingaiasites.com.br/7c355026ce117ba00576a21fce4972ea.jpg"" ""https://images.ingaiasites.com.br/5a6e37ea638b747b1e86cf39a3164fb8.jpg"" ""https://images.ingaiasites.com.br/04862d8cb12c6a47ada2e86a07b57cf9.jpg"" ""https://images.ingaiasites.com.br/0e10dc7094ab7290ac984770370b9e29.jpg"" ""https://images.ingaiasites.com.br/fbbe9f9af09d10fafec985ca163f9ad8.jpg"" ""https://images.ingaiasites.com.br/11ee95a0bf08dc3d005563a2c1fa74c5.jpg"" ""https://images.ingaiasites.com.br/56ccd432cc6cc8895055f3e8e24b8629.jpg"" ""https://images.ingaiasites.com.br/125b5481a03d75e65291d7a694c11152.jpg"" ""https://images.ingaiasites.com.br/e310b54ce396706a0dd01246f6faafbc.jpg"" ""https://images.ingaiasites.com.br/7e825f56820ffcb1aa4d55d3ad1161b8.jpg"" ""https://images.ingaiasites.com.br/326cfdb002659ced3423813cd7390da1.jpg"" ""https://images.ingaiasites.com.br/788fb37a5985ac9218be29d1337ab39e.jpg"" ""https://images.ingaiasites.com.br/6d1a575b56dd705b82dbf709cd252b3e.jpg"" ""https://images.ingaiasites.com.br/a1fc143e3e24c00150a8733a1fb3b0d0.jpg"" ""https://images.ingaiasites.com.br/95548d874299de81735d46a824ea2fdc.jpg"" ""https://images.ingaiasites.com.br/1b49851ba9fefa501760a97158815e8e.jpg"" ""https://images.ingaiasites.com.br/66761fa3c57e97fd3476e7fe2b022159.jpg"" ""https://images.ingaiasites.com.br/812e0a3d0af15fde38c5cfb2c5b768dc.jpg"" ""https://images.ingaiasites.com.br/233c3de46abe8b5cbf72db75e6747fef.jpg"" ""https://images.ingaiasites.com.br/da35147676747773c1d0a2d9089fe685.jpg"" ""https://images.ingaiasites.com.br/e36b81080614f63f635d7670c0d9a24a.jpg"" ""https://images.ingaiasites.com.br/25e52c5d3f0f4f27aafed3dabb593cf9.jpg"" ""https://images.ingaiasites.com.br/27e0aec5b039c73f1898d850ae8263c6.jpg""]","March 25, 2026, 1:23 PM","June 14, 2026, 7:08 AM",,true,AP17645,true,,,\x2847bbd62d4b1ae981ed266fc0a82b3eb15264e8cc40d8419567ff200588a845,Not informed,0101000020E61000005F454607244347C0EA76F69507AD37C0
911cb088-59be-404a-af0d-88bbccebd6a0,apartment,false,true,0,419.000,387,6d330d68-028f-42e8-8c7a-f6dbec9f8b29,0,2,2,71,2,-23.0239334106445300000000000,-45.5469589233398440000000000,Frederico Ozanan,Centro,taubate,São Paulo,,"Código do anúncio: AP0757Excelente apartamento no 8° andar, em condomínio localizado no bairro Jardim Santa Cruz!, restaurantes, serviços e comércios em geral.O Edifício Angélica conta com portaria 24h, portaria eletrônica, elevador e salão de festas. O imóvel conta com vista privilegiada, sol da manhã, com sala ampla em até 2 ambientes integradas à uma confortável varanda envidraçada com cortina de vidro, cozinha com armários planejados, banheiro social, 2 dormitórios sendo 1 suíte (todos com armários planejados), área de serviço privativa. Ótimo acabamento, bem arejado e com bastante iluminação natural, gesso, cômodos amplos, integrados e aconchegantes, esquadrias de alumínio, banheiros completos, armários planejados e revestimentos de alta qualidade, ar condicionado em alguns ambientes. 2 vagas de garagem.Agende já, faça uma visita e confira essa excelente oportunidade!Julio Estefano Consultoria ImobiliáriaCRECI: J-32672(12) 99155-6919(12) 3024-8190",Apartamento com 2 Dormitórios (1 Suíte) e Planejados - Edifício Angélica - Taubaté/SP,https://estefanoconsultoria.com.br/imovel/AP0757/-/-,,"[""Cooling"" ""Kitchen"" ""Maids Quarters""]","[""https://cdn.vistahost.com.br/julioest/vista.imobi/fotos/2915/ic6q2m_2915614cb43992e17.jpg"" ""https://cdn.vistahost.com.br/julioest/vista.imobi/fotos/2915/iy1s2c_2915614cb490584da.jpg"" ""https://cdn.vistahost.com.br/julioest/vista.imobi/fotos/2915/iv6n9l_2915614cb3d17b2ca.jpg"" ""https://cdn.vistahost.com.br/julioest/vista.imobi/fotos/2915/iw9z3i_2915614cb42ce2407.jpg"" ""https://cdn.vistahost.com.br/julioest/vista.imobi/fotos/2915/iz5z0h_2915614cb4398c621.jpg"" ""https://cdn.vistahost.com.br/julioest/vista.imobi/fotos/2915/ip7a5a_2915614cb3fd3d5d7.jpg"" ""https://cdn.vistahost.com.br/julioest/vista.imobi/fotos/2915/ii4x1w_2915614cb400e68d5.jpg"" ""https://cdn.vistahost.com.br/julioest/vista.imobi/fotos/2915/ia5n3m_2915614cb36eb608b.jpg"" ""https://cdn.vistahost.com.br/julioest/vista.imobi/fotos/2915/il7p4d_2915614cb423937e3.jpg"" ""https://cdn.vistahost.com.br/julioest/vista.imobi/fotos/2915/it4c4p_2915614cb3e53c643.jpg"" ""https://cdn.vistahost.com.br/julioest/vista.imobi/fotos/2915/io1h1a_2915614cb40443764.jpg"" ""https://cdn.vistahost.com.br/julioest/vista.imobi/fotos/2915/ik2g4q_2915614cb40ab421d.jpg"" ""https://cdn.vistahost.com.br/julioest/vista.imobi/fotos/2915/im7h7l_2915614cb43526b53.jpg"" ""https://cdn.vistahost.com.br/julioest/vista.imobi/fotos/2915/ii4f3p_2915614cb3ffe1460.jpg"" ""https://cdn.vistahost.com.br/julioest/vista.imobi/fotos/2915/ia9z3i_2915614cb48ab97cc.jpg"" ""https://cdn.vistahost.com.br/julioest/vista.imobi/fotos/2915/id9j1h_2915614cb3d59b543.jpg"" ""https://cdn.vistahost.com.br/julioest/vista.imobi/fotos/2915/ip9i9g_2915614cb413c073c.jpg"" ""https://cdn.vistahost.com.br/julioest/vista.imobi/fotos/2915/ie2a2v_2915614cb43f946b7.jpg"" ""https://cdn.vistahost.com.br/julioest/vista.imobi/fotos/2915/it3j6p_2915614cb3cd99112.jpg"" ""https://cdn.vistahost.com.br/julioest/vista.imobi/fotos/2915/in7l1z_2915614cb4492dbe5.jpg"" ""https://cdn.vistahost.com.br/julioest/vista.imobi/fotos/2915/ih7h2f_2915614cb499c274c.jpg"" ""https://cdn.vistahost.com.br/julioest/vista.imobi/fotos/2915/is1i8a_2915614cb3d90519e.jpg"" ""https://cdn.vistahost.com.br/julioest/vista.imobi/fotos/2915/ir9t6f_2915614cb4365f81f.jpg"" ""https://cdn.vistahost.com.br/julioest/vista.imobi/fotos/2915/id0x1j_2915614cb44343257.jpg"" ""https://cdn.vistahost.com.br/julioest/vista.imobi/fotos/2915/io4m8z_2915614cb4064b00e.jpg"" ""https://cdn.vistahost.com.br/julioest/vista.imobi/fotos/2915/iu7t9m_2915614cb4094b9ec.jpg"" ""https://cdn.vistahost.com.br/julioest/vista.imobi/fotos/2915/ik8y8t_2915614cb37947ee9.jpg"" ""https://cdn.vistahost.com.br/julioest/vista.imobi/fotos/2915/in6v6j_2915614cb42cab4fe.jpg""]","July 1, 2025, 7:28 AM","February 10, 2026, 7:16 AM",,false,AP0757,true,8,,\x25a3b2b3f1c5efee726e42ce1487abd8d715f1663ac601b366550f3f529b9196,Not informed,
d133b305-2b33-4018-b7ca-72cf488bc7c9,house,false,true,0,2.200.000,0,6c69a8b3-9454-445d-adb2-71d593641b2a,0,4,4,287,4,-29.783158,-51.1464201,Avenida Theodomiro Porto da Fonseca,Padre Reus,sao leopoldo,Rio Grande do Sul,Brasil,"Casa Ampla com 4 Dormitórios |  Venda | 287m² Construídos  Apresentamos esta excelente residência com 287m² de área construída, ideal para quem busca espaço, conforto e praticidade!  Disponível para VENDA e LOCAÇÃO  Características do Imóvel:  * 4 dormitórios, sendo 1 suíte * 4 banheiros * 4 vagas de garagem * Pátio * Ambientes bem iluminados, arejados e com excelente distribuição interna  Perfeito para famílias que valorizam conforto e querem morar com qualidade de vida, com ótima localização, próximo ao centro e as principais vias  Entre em contato e agende sua visita!  Há mais de 27 anos no mercado imobiliário atuando nas áreas de locações e vendas, a Duplo Ésse é uma empresa que se orgulha de ter no bom atendimento seu diferencial de mercado.  Oferecemos um ambiente acolhedor e uma  equipe gentil e atenciosa, sempre comprometida com a agilidade em todos os processos, compromissos que  fazem de nossa empresa uma referência no ramo imobiliário. Será um prazer atende-lo!",CASA DE  ALVENARIA Padre Reus São Leopoldo,https://www.duploesseimoveis.com.br/Imoveis/Busca/1/0?carteira=L&codigo=116386,,"[""Parking Garage"" ""Furnished"" ""BBQ"" ""Kitchen""]","[""https://www.duploesseimoveis.com.br/viasw/fotos/116386_182235.jpg"" ""https://www.duploesseimoveis.com.br/viasw/fotos/116386_182235.jpg"" ""https://www.duploesseimoveis.com.br/viasw/fotos/116386_182234.jpg"" ""https://www.duploesseimoveis.com.br/viasw/fotos/116386_182234.jpg"" ""https://www.duploesseimoveis.com.br/viasw/fotos/116386_182233.jpg"" ""https://www.duploesseimoveis.com.br/viasw/fotos/116386_182233.jpg"" ""https://www.duploesseimoveis.com.br/viasw/fotos/116386_182236.jpg"" ""https://www.duploesseimoveis.com.br/viasw/fotos/116386_182236.jpg"" ""https://www.duploesseimoveis.com.br/viasw/fotos/116386_182237.jpg"" ""https://www.duploesseimoveis.com.br/viasw/fotos/116386_182237.jpg"" ""https://www.duploesseimoveis.com.br/viasw/fotos/116386_182238.jpg"" ""https://www.duploesseimoveis.com.br/viasw/fotos/116386_182238.jpg"" ""https://www.duploesseimoveis.com.br/viasw/fotos/116386_182239.jpg"" ""https://www.duploesseimoveis.com.br/viasw/fotos/116386_182239.jpg"" ""https://www.duploesseimoveis.com.br/viasw/fotos/116386_182240.jpg"" ""https://www.duploesseimoveis.com.br/viasw/fotos/116386_182240.jpg"" ""https://www.duploesseimoveis.com.br/viasw/fotos/116386_182241.jpg"" ""https://www.duploesseimoveis.com.br/viasw/fotos/116386_182241.jpg"" ""https://www.duploesseimoveis.com.br/viasw/fotos/116386_182242.jpg"" ""https://www.duploesseimoveis.com.br/viasw/fotos/116386_182242.jpg"" ""https://www.duploesseimoveis.com.br/viasw/fotos/116386_182243.jpg"" ""https://www.duploesseimoveis.com.br/viasw/fotos/116386_182243.jpg"" ""https://www.duploesseimoveis.com.br/viasw/fotos/116386_182244.jpg"" ""https://www.duploesseimoveis.com.br/viasw/fotos/116386_182244.jpg"" ""https://www.duploesseimoveis.com.br/viasw/fotos/116386_182245.jpg"" ""https://www.duploesseimoveis.com.br/viasw/fotos/116386_182245.jpg"" ""https://www.duploesseimoveis.com.br/viasw/fotos/116386_182246.jpg"" ""https://www.duploesseimoveis.com.br/viasw/fotos/116386_182246.jpg"" ""https://www.duploesseimoveis.com.br/viasw/fotos/116386_182247.jpg"" ""https://www.duploesseimoveis.com.br/viasw/fotos/116386_182247.jpg"" ""https://www.duploesseimoveis.com.br/viasw/fotos/116386_182248.jpg"" ""https://www.duploesseimoveis.com.br/viasw/fotos/116386_182248.jpg"" ""https://www.duploesseimoveis.com.br/viasw/fotos/116386_182249.jpg"" ""https://www.duploesseimoveis.com.br/viasw/fotos/116386_182249.jpg"" ""https://www.duploesseimoveis.com.br/viasw/fotos/116386_182250.jpg"" ""https://www.duploesseimoveis.com.br/viasw/fotos/116386_182250.jpg"" ""https://www.duploesseimoveis.com.br/viasw/fotos/116386_182251.jpg"" ""https://www.duploesseimoveis.com.br/viasw/fotos/116386_182251.jpg"" ""https://www.duploesseimoveis.com.br/viasw/fotos/116386_182252.jpg"" ""https://www.duploesseimoveis.com.br/viasw/fotos/116386_182252.jpg"" ""https://www.duploesseimoveis.com.br/viasw/fotos/116386_182253.jpg"" ""https://www.duploesseimoveis.com.br/viasw/fotos/116386_182253.jpg"" ""https://www.duploesseimoveis.com.br/viasw/fotos/116386_182254.jpg"" ""https://www.duploesseimoveis.com.br/viasw/fotos/116386_182254.jpg"" ""https://www.duploesseimoveis.com.br/viasw/fotos/116386_182255.jpg"" ""https://www.duploesseimoveis.com.br/viasw/fotos/116386_182255.jpg""]","April 9, 2026, 5:12 PM","June 11, 2026, 3:05 PM",,true,V116386,true,,,\xf24851ff6be99b5a51d9ba339fe60f15b6dad7202bc6c60ce249a1c5d6bd2363,Not informed,0101000020E6100000107DD2E4BD9249C0CC99ED0A7DC83DC0
0de923e6-e0ca-467d-8e29-cdbae6ad740b,house,false,true,0,300.000,0,7dfd5986-d180-4e30-8271-3110ae96a6e1,0,2,2,0,2,-21.267924,-46.145968,,Jardim das Alterosas II,alterosa,MG,Brasil,"Excelente imóvel para venda, Jardim das Alterosas II, Alterosa/MG.* 2 quartos (sendo 1 suíte)* 2 banheiros* Sala * Cozinha * 02 vagas de garagem* Parte superior completa (com excelente vista)* Área construída: 134,40 m²* Área total (terreno): 200,00 m²* Valor do imóvel (venda): R$ 300.000,00Agende já a sua visita!Fale conosco: 3294-1989 - 23/02/2026","CASA RESIDENCIAL em Alterosa - MG, Jardim das Alterosas II",https://dekathama.com.br/imoveis/referencia-CA00271,,"[""Kitchen"" ""Maids Quarters"" ""Balcony Terrace""]","[""https://s3-sa-east-1.amazonaws.com/grupo-union/16054/2023/12/fcc88f82d61e36c96031cfa7cd9f65f3.jpg"" ""https://s3-sa-east-1.amazonaws.com/grupo-union/16054/2023/12/1498e9f13a895597d57c05f0b4a1f854.jpg"" ""https://s3-sa-east-1.amazonaws.com/grupo-union/16054/2023/12/9b7c84011c75bacfaef5a1b45291b74a.jpg"" ""https://s3-sa-east-1.amazonaws.com/grupo-union/16054/2023/12/03c612febd7e399727defed360e27b39.jpg"" ""https://s3-sa-east-1.amazonaws.com/grupo-union/16054/2023/12/97034e0950c2c7a71ce37f1d185fb858.jpg"" ""https://s3-sa-east-1.amazonaws.com/grupo-union/16054/2023/12/82aa54a43000eab3e4bfceb241a2c4ed.jpg"" ""https://s3-sa-east-1.amazonaws.com/grupo-union/16054/2023/12/a21a091dc1d483ca01fda6517143223d.jpg"" ""https://s3-sa-east-1.amazonaws.com/grupo-union/16054/2023/12/d5cb38135d88cd317aff8ffd6cdcc9d9.jpg"" ""https://s3-sa-east-1.amazonaws.com/grupo-union/16054/2023/12/3f9f37a40eaf4cbf0d1170df6711c746.jpg"" ""https://s3-sa-east-1.amazonaws.com/grupo-union/16054/2023/12/962b34a84178725f2d81b85d2dc69dcd.jpg"" ""https://s3-sa-east-1.amazonaws.com/grupo-union/16054/2023/12/a47d69ec32a3ccaea72bf8818b6f9245.jpg"" ""https://s3-sa-east-1.amazonaws.com/grupo-union/16054/2023/12/f05f940bb165dfbc93fc46b045ad0de6.jpg"" ""https://s3-sa-east-1.amazonaws.com/grupo-union/16054/2023/12/76bb4ef8772f50066a9a7492d65048f5.jpg"" ""https://s3-sa-east-1.amazonaws.com/grupo-union/16054/2023/12/5eef734e7456a5857254bb89cb3c7033.jpg"" ""https://s3-sa-east-1.amazonaws.com/grupo-union/16054/2023/12/1f6d6a3197de01e87b7358dd93a7ff9f.jpg"" ""https://s3-sa-east-1.amazonaws.com/grupo-union/16054/2023/12/78d747edeadd42f9e50227fe8db6356d.jpg"" ""https://s3-sa-east-1.amazonaws.com/grupo-union/16054/2023/12/3ff4defd8bdd75bd37b299f00781eef9.jpg"" ""https://s3-sa-east-1.amazonaws.com/grupo-union/16054/2023/12/0a66e890ef4f38426fb04caf21465d83.jpg"" ""https://s3-sa-east-1.amazonaws.com/grupo-union/16054/2023/12/bbd3513a4d7641a0e166ca474758e284.jpg"" ""https://s3-sa-east-1.amazonaws.com/grupo-union/16054/2023/12/decd37fe4e509e37496d2817d5244397.jpg"" ""https://s3-sa-east-1.amazonaws.com/grupo-union/16054/2023/12/b790521d8d910dfa0056e96e478169b6.jpg"" ""https://s3-sa-east-1.amazonaws.com/grupo-union/16054/2023/12/56e192afb0493a91d84b1a2a54551b6c.jpg"" ""https://s3-sa-east-1.amazonaws.com/grupo-union/16054/2023/12/3ef076ccb31007622c39fae5a62615f8.jpg"" ""https://s3-sa-east-1.amazonaws.com/grupo-union/16054/2023/12/cfae8c5748b0cf604c94d95ebb5ec0bc.jpg"" ""https://s3-sa-east-1.amazonaws.com/grupo-union/16054/2023/12/7ec405fa2d0f2ac73ffab78973c2dcd2.jpg"" ""https://s3-sa-east-1.amazonaws.com/grupo-union/16054/2023/12/0029d5337125b9bbe2872c6affd5caae.jpg""]","May 16, 2025, 3:01 PM","February 24, 2026, 7:33 AM",,false,CA00271,true,,,\x7b8f766c91f1be333e2b2bc63979794afe86bdb6ba59d89d652b47298e74f50c,Not informed,
fe06f153-f308-4a6c-bd45-2fab86d0e22c,land,false,true,0,700.000,0,db6f0b72-60b4-484e-a3c5-017f4376f6a5,0,0,0,0,0,-15.5542935,-56.1115115,Av Jose Afonso Portocarrero,Ribeirão do Lipa,cuiaba,Mato Grosso,,"Excelente terreno comercial disponível para venda em uma localização estratégica na Av. José Afonso Portocarrero, no bairro Ribeirão do Lipa, em Cuiabá/MT. Com uma área total de 265,18 m², este espaço oferece grande potencial para desenvolvimento de negócios. Situado em uma região com fácil acesso e visibilidade, perto de comércios e serviços, é ideal para sua empresa ou investimento. Não perca a chance de adquirir este ótimo terreno e potencializar suas oportunidades comerciais. Para mais informações.  Agende Sua Visita! Style Brokers Negócios Imobiliários Creci: 9008J - Fone: (65) 3023-8060/ (65) 98112-0264 Valores e condições, sujeitos a alteração sem prévio aviso",Terreno Comercial em Cuiabá - Oportunidade Única!,https://stylebrokers.com.br/imoveis?type=1&page=&codigo=1104802,,,"[""https://cdn.vistahost.com.br/stylebro/vista.imobi/fotos/13489/i7Lgp926P_1348968249f6cc70fa.jpg"" ""https://cdn.vistahost.com.br/stylebro/vista.imobi/fotos/13489/i7Lgp926P_1348968249f7f6da99.jpg"" ""https://cdn.vistahost.com.br/stylebro/vista.imobi/fotos/13489/i7Lgp926P_1348968249f8e79b9b.jpg"" ""https://cdn.vistahost.com.br/stylebro/vista.imobi/fotos/13489/i7Lgp926P_134896824a0645a13b.jpg""]","May 19, 2025, 7:46 PM","February 24, 2026, 7:34 AM",,false,1104802,true,,,\x955764065da97e860d1e740a509e1d911b3948c35f4ea1184803d3566aaa13ba,Not informed,
7da26744-9baa-47bc-91f4-ab7dc999f908,apartment,false,true,0,637.900,0,393a06c5-4f3f-4739-90d4-74589cc1a6cd,0,3,1,72,1,-25.389031,-49.225261,Guilherme Ihlenfeldt,Bacacheri,curitiba,Paraná,BRASIL,"Blossom 49 unidades em torre única com elevador, térreo destinado a vagas de garagem e sete andares de apartamentos. A torre com 12 áreas de lazer. As opções de apartamentos incluem Studio, 2 quartos e 3 quartos, com áreas privativas que variam de 26 m² a 88 m². O Blossom foi inspirado nas três cerejeiras plantadas pelos antigos proprietários em frente ao terreno. Essas árvores, emblemáticas da cultura japonesa, florescem tipicamente em julho e estendem sua beleza até meados de agosto, já se tornando um símbolo local. O nome do empreendimento deriva da expressão inglesa ""cherry blossoms"", que significa flores de cerejeira, evocando a beleza e o respeito pelas tradições japonesas em um projeto que convida a experienciar o florescimento da vida. O Blossom representa o desenvolvimento do bairro Bacacheri, estando a apenas duas quadras do Parque Bacacheri, acessível pela Rua Nicarágua. Localizado na Rua Guilherme Ihlenfeldt, que conecta as avenidas Erasto Gaertner e Paraná, o empreendimento foi projetado para proporcionar funcionalidade e conforto. O acesso às garagens foi recuado, facilitando a entrada e saída de veículos. Complementando a arquitetura, bancos circulares foram instalados em frente ao imóvel, convidando moradores e vizinhos a relaxarem à sombra das cerejeiras. A Hype trouxe um toque especial ao projeto, incorporando um paisagismo regenerativo assinado pela Bloco Base, com 2.386 mudas de espécies 100% nativas e brasileiras. Embora inspirado no conceito oriental, o projeto utiliza um traçado vertical que remete ao bambu japonês, com espécies como papiro-brasileiro e lírio-dos-ventos. Além das cerejeiras preservadas, a arborização do empreendimento inclui árvores frutíferas como araçá e uvaia, espécies valorizadas em sistemas de reflorestamento por sua adaptabilidade. Essa fusão entre a cultura japonesa e a biodiversidade brasileira cria um ambiente singular, que celebra o encontro entre tradição e inovação. A arquitetura do Blossom reflete essa inspiração cultural, trazendo referências das tradicionais residências japonesas em sua fachada e áreas de lazer. O design adota cores e texturas sóbrias e suaves, transmitindo equilíbrio e qualidade de vida. O acesso de pedestres ao empreendimento é feito por uma antessala de vidro, reforçando o conceito de integração entre o interno e o externo, e fácil acesso no térreo ao pet place gramado. No ático, um espaço Wellness, interno e externo, incorporamos elementos da bandeira do Japão, e o espaço Kids conta com uma árvore de cerejeira feita em marcenaria, adornada com luminárias que remetem às tradicionais lanternas japonesas. A infraestrutura de lazer inclui um playground kids com balanço, bicicletário, academia, redário, lounge, lounge gourmet com churrasqueira, espaço gourmet com forno de pizza e fireplace, criando um ambiente acolhedor para diversas experiências. Os apartamentos são entregues com revestimentos da marca Eliane ou similar, com piso porcelanato nas áreas frias, como banheiros e cozinha, e piso cerâmico nas sacada. Churrasqueira à carvão com projeto de exaustão mecânica. Preparação para ar-condicionado contempla um ponto na suíte e sala, sendo entregue com tubulação de cobre, isolamento térmico, ponto elétrico e dreno em PVC. A infraestrutura para aquecimento a gás atende os chuveiros, lavatórios dos banheiros e a pia da cozinha, sendo importante destacar que os equipamentos não estão inclusos. Os banheiros são entregues com bancada em granito na cor cinza andorinha com cuba de embutir e metais da marca Docol ou equivalente. As tubulações utilizadas são da marca Tigre ou similar. As portas internas são brancas e contam com projeto de atenuação acústica. Forro em gesso instalado em todos os ambientes. Pintura com tinta látex no forro e textura acrílica nas paredes da marca Suvinil ou similar. Esquadrias de alumínio com pintura eletrostática a pó, utilizando tinta à base de resina poliéster. O sistema inclui tubulação seca para interfone e antena de TV. Alvenaria convencional com blocos cerâmicos de espessura mínima de 9 centímetros e dependendo da unidade possui parede em placa de drywall. As unidades do tipo LOFT, studio e 1 quarto não possuem infraestrutura para ar-condicionado ou aquecimento a gás. Nesses casos, o chuveiro é entregue com ponto elétrico e ponto elétrico na cozinha para cooktop. O memorial descritivo prevalece sobre as especificações. Blossom, a essência da vida na cidade.. Preço e disponibilidade do imóvel sujeitos a alteração sem aviso prévio.", ,https://dompaivaimoveis.com.br/imovel/DP925933,,"[""Number of stories""]","[""https://cdn.vistahost.com.br/dompaiva/vista.imobi/fotos/95221/ik0g2d_9522168d2ca4519275.jpg"" ""https://cdn.vistahost.com.br/dompaiva/vista.imobi/fotos/95221/iq1k5t_9522168d2ca472fa11.jpg"" ""https://cdn.vistahost.com.br/dompaiva/vista.imobi/fotos/95221/ib2r9m_9522168d2ca49744ba.jpg"" ""https://cdn.vistahost.com.br/dompaiva/vista.imobi/fotos/95221/il0y4q_9522168d2ca4b74ab9.jpg"" ""https://cdn.vistahost.com.br/dompaiva/vista.imobi/fotos/95221/iw4h6k_9522168d2ca4dec356.jpg"" ""https://cdn.vistahost.com.br/dompaiva/vista.imobi/fotos/95221/ip4v3y_9522168d2ca4fc9721.jpg"" ""https://cdn.vistahost.com.br/dompaiva/vista.imobi/fotos/95221/iy8a6x_9522168d2ca51994f7.jpg"" ""https://cdn.vistahost.com.br/dompaiva/vista.imobi/fotos/95221/ig2p5o_9522168d2ca535368b.jpg"" ""https://cdn.vistahost.com.br/dompaiva/vista.imobi/fotos/95221/il1a1a_9522168d2ca554159d.jpg"" ""https://cdn.vistahost.com.br/dompaiva/vista.imobi/fotos/95221/im3n6o_9522168d2ca58b913c.jpg"" ""https://cdn.vistahost.com.br/dompaiva/vista.imobi/fotos/95221/iv0h9k_9522168d2ca5bb4a19.jpg"" ""https://cdn.vistahost.com.br/dompaiva/vista.imobi/fotos/95221/ic3x4o_9522168d2ca5dc9a4e.jpg"" ""https://cdn.vistahost.com.br/dompaiva/vista.imobi/fotos/95221/ii0h5h_9522168d2ca5f95963.jpg"" ""https://cdn.vistahost.com.br/dompaiva/vista.imobi/fotos/95221/ik5z4a_9522168d2ca61cb4b0.jpg"" ""https://cdn.vistahost.com.br/dompaiva/vista.imobi/fotos/95221/in0w0h_9522168d2ca639d0c4.jpg"" ""https://cdn.vistahost.com.br/dompaiva/vista.imobi/fotos/95221/iu3m5r_9522168d2ca6587e08.jpg"" ""https://cdn.vistahost.com.br/dompaiva/vista.imobi/fotos/95221/io3r4f_9522168d2ca67816cf.jpg"" ""https://cdn.vistahost.com.br/dompaiva/vista.imobi/fotos/95221/iu7c7b_9522168d2ca6983db5.jpg"" ""https://cdn.vistahost.com.br/dompaiva/vista.imobi/fotos/95221/iu5o7k_9522168d2ca6bb662d.jpg"" ""https://cdn.vistahost.com.br/dompaiva/vista.imobi/fotos/95221/ih0r3m_9522168d2ca6e936e4.jpg"" ""https://cdn.vistahost.com.br/dompaiva/vista.imobi/fotos/95221/ip6y3y_9522168d2ca70ab111.jpg""]","March 14, 2026, 12:42 AM","June 14, 2026, 7:14 AM",,true,DP925933,true,,,\xd51a8c1f0b6ec02483c09acb495c8a231df8e4275dac84b6498299727bceea91,Not informed,0101000020E61000003A083A5AD59C48C053211E89976339C0
e63ce407-23ae-45da-ad53-1582d9c29c80,commercial,false,true,0,778.500,0,d9212e66-425d-4f73-8170-504b6ced2e57,0,4,3,0,5,-24.3185218,-47.6351689,Área Rural,Zona Rural.,juquia,SP,Brasil,"✨🌿 SÍTIO À VENDA EM Juquiá – REFÚGIO COMPLETO NO CAMPO 🌿✨💥 17,3 hectares | Estrutura pronta | Excelente custo-benefícioUma oportunidade única para quem busca investir, morar ou simplesmente viver com tranquilidade em meio à natureza! 🌳💚📍 Localização estratégica:📌 Bairro Paiol🛣️ Apenas 800m da Rodovia Sorocaba-Juquiá🏙️ A apenas 8 km do centro da cidade👉 Fácil acesso com ótima logística📐 Área total:🌿 173.000 m² (17,3 hectares)✔️ 70% da área limpa e pronta para uso✔️ Ideal para pecuária, plantio ou lazer🌳 Destaques naturais:🌲 20 pés de araucária🍊 Árvores frutíferas e madeiras nobres💧 Rio e lago natural dentro da propriedade🐄 Área totalmente cercada👉 Perfeito para quem busca contato direto com a natureza🏡 Estrutura construída:🏠 Casa avarandada com 5 cômodos🏗️ Cobertura em telhas coloniais (4 águas) – excelente estado🏭 Barracão com 60 m² (5x12)🐄 Curral coberto – ideal para criação⚡ Infraestrutura completa:🔌 Energia elétrica instalada🚰 Abastecimento de água🚽 Sistema de esgoto funcional📄 Documentação 100% regularizada:✔️ Escritura e matrícula (mais de 40 anos)✔️ Georreferenciamento✔️ Todos os registros atualizados (INCRA, CAR, ITR, CAFIR, CNIR, entre outros)👉 Segurança total na negociação💰 Valor:💎 R$ 743.900,00 à vista📊 Apenas R$ 4,30 por m²💡 Ideal para:✔️ Pecuária✔️ Agricultura✔️ Lazer e finais de semana✔️ Moradia no campo✔️ Investimento rural🌟 Diferenciais que valorizam o imóvel:✔️ Excelente preço por m²✔️ Propriedade pronta para uso✔️ Recursos naturais (rio + lago)✔️ Fácil acesso e localização estratégica⚡ OPORTUNIDADE IMPERDÍVEL!📲 Agende sua visita e venha conhecer esse verdadeiro paraíso🌿 Invista em qualidade de vida, tranquilidade e contato com a natureza!","Sítio à venda em Juquiá, Zona Rural., com 4 quartos, com 173000 m²",https://www.contemsolucoes.com.br/imoveis/SI0006,,,"[""https://flip-prod-fotos.s3.amazonaws.com/59a90d91-b398-47e4-8ca7-56b08b78d54a.jpeg"" ""https://flip-prod-fotos.s3.amazonaws.com/16d6dede-8b90-489c-a918-222c6b88d918.jpeg""]","November 27, 2025, 8:27 AM","June 3, 2026, 3:08 PM",,false,SI0006,false,,,\x10caf6fc0ca810e50c7bc8ceac67be10b219d29bffb2fc47be26a1867beae5b1,Not informed,
fe06f153-f308-4a6c-bd45-2fab86d0e22c,house,false,true,0,4.500.000,1.000,d86d0824-12a7-438b-8aa9-90972bfdb6bf,0,4,2,339,6,-15.533272737967321,-56.08484126341552,Florais,Ribeirão do Lipa,cuiaba,Mato Grosso,,"Apresentamos esta magnífica residência localizada no renomado Condomínio Florais do Valle, em Cuiabá. Com um projeto arquitetônico moderno e funcional, o imóvel oferece conforto, sofisticação e sustentabilidade para você e sua família.   Detalhes do Imóvel: - Terreno: 466,76 m² - Área Construída: 339,15 m² - Suítes: 4 (sendo 3 no pavimento superior e 1 no térreo) - Banheiros: 1 lavabo e 1 banheiro externo - Ambientes Funcionais: Despensa, lavanderia, depósito e sala ampla - Garagem: 3 vagas cobertas e 3 descobertas   Sustentabilidade e Conforto: - Sistema de Energia Solar: Placas fotovoltaicas com capacidade de 2.300 kWh, promovendo economia e eficiência energética - Aquecimento de Água: Boiler instalado, garantindo água quente em todos os pontos necessários  Lazer Privativo: - Piscina: Equipada com trocador de calor, proporcionando momentos de lazer em qualquer estação do ano  Cozinha e Eletrodomésticos: - Eletrodomésticos: Equipados com produtos da linha Eletromec, reconhecidos pela qualidade e design sofisticado  Sobre o Condomínio Florais do Valle: - Localizado na região do Ribeirão do Lipa, o Condomínio Florais do Valle oferece infraestrutura completa de lazer e segurança: - Portaria 24 horas e vigilância qualificada - Espaço gourmet com capacidade para 150 pessoas - Academia equipada com vestiários masculino e feminino - Quadras de squash, tênis e campo de futebol - Pista de caminhada e áreas verdes preservadas  Agende Sua Visita! Style Brokers Negócios Imobiliários Creci: 9008J - Fone: (65) 3023-8060/ 99614-8060 Valores e condições, sujeitos a alteração sem prévio aviso.",Casa de Alto Padrão no Condomínio Florais do Valle,https://stylebrokers.com.br/imoveis?type=1&page=&codigo=1104857,,,"[""https://cdn.vistahost.com.br/stylebro/vista.imobi/fotos/13544/iG572pv5_135446838a5cdda758.jpg"" ""https://cdn.vistahost.com.br/stylebro/vista.imobi/fotos/13544/iG572pv5_135446838a5d129d38.jpg"" ""https://cdn.vistahost.com.br/stylebro/vista.imobi/fotos/13544/iG572pv5_135446838a5d506fa5.jpg"" ""https://cdn.vistahost.com.br/stylebro/vista.imobi/fotos/13544/iG572pv5_135446838a5d7e9fd3.jpg"" ""https://cdn.vistahost.com.br/stylebro/vista.imobi/fotos/13544/iG572pv5_135446838a5dadbf71.jpg"" ""https://cdn.vistahost.com.br/stylebro/vista.imobi/fotos/13544/iG572pv5_135446838a5dee7b74.jpg"" ""https://cdn.vistahost.com.br/stylebro/vista.imobi/fotos/13544/iG572pv5_135446838a5e24cf17.jpg"" ""https://cdn.vistahost.com.br/stylebro/vista.imobi/fotos/13544/iG572pv5_135446838a5e50e3d2.jpg"" ""https://cdn.vistahost.com.br/stylebro/vista.imobi/fotos/13544/iG572pv5_135446838a5e87cfac.jpg"" ""https://cdn.vistahost.com.br/stylebro/vista.imobi/fotos/13544/iG572pv5_135446838a5eb99c40.jpg"" ""https://cdn.vistahost.com.br/stylebro/vista.imobi/fotos/13544/iG572pv5_135446838a5ee82284.jpg"" ""https://cdn.vistahost.com.br/stylebro/vista.imobi/fotos/13544/iG572pv5_135446838a5f1a04bd.jpg"" ""https://cdn.vistahost.com.br/stylebro/vista.imobi/fotos/13544/iG572pv5_135446838a5f5126ae.jpg"" ""https://cdn.vistahost.com.br/stylebro/vista.imobi/fotos/13544/iG572pv5_135446838a5f7ef005.jpg""]","May 30, 2025, 8:22 AM","February 24, 2026, 7:34 AM",,false,1104857,true,,,\x464611896573365f763940d91ca1b752e7ccdfb523267ef60e8dfedbdfac8f7f,Not informed,
911cb088-59be-404a-af0d-88bbccebd6a0,apartment,false,true,0,441.000,650,16f02b18-a194-4fc3-ade2-88f090be0522,100,2,2,74,2,-23.029214,-45.592016,Edith Ortiz,Residencial Portal da Mantiqueira,taubate,São Paulo,,"Apartamento à venda em Taubaté.  Conforto, modernidade e praticidade se encontram neste apartamento novo cuidadosamente planejado. Com 2 dormitórios, sendo 1 suíte, ele oferece um espaço ideal para você e sua família viverem com tranquilidade e bem-estar. A sala ampla, distribuída em até 2 ambientes sendo sala de estar e sala de jantar, proporciona ambientes acolhedores para momentos de lazer e convivência. A cozinha integrada traz funcionalidade ao dia a dia, enquanto a área de serviço privativa e o banheiro social completam a estrutura com praticidade. O destaque fica por conta da sacada gourmet com churrasqueira, perfeita para receber amigos e familiares em um ambiente descontraído e agradável. Além disso, o imóvel possui preparação para ar-condicionado e para aquecedor a gás, oferecendo ainda mais conforto e comodidade. Localizado no Residencial Villare, na cidade de Taubaté, este imóvel combina uma excelente infraestrutura com o conforto de viver em um condomínio moderno e bem localizado.  O condomínio disponibiliza portaria 24h, portão eletrônico, área gourmet com churrasqueira, piscina coletiva adulto e infantil, salão de jogos, SPA e ofurô.  2 vagas de garagem descobertas.  Código do anúncio: AP0688.  Agende já, faça uma visita e confira essa excelente oportunidade!  *valores sujeitos a mudanças sem aviso prévio*  Julio Estefano Consultoria Imobiliária CRECI: J-32672  (12) 99155-6919 (12) 3024-8190",Apartamento com 2 dormitórios sendo 1 suíte no condomínio Residencial Villare em Taubaté.,https://estefanoconsultoria.com.br/imovel/AP0688/-/-,,"[""BBQ"" ""Game room"" ""Gourmet Area"" ""Kitchen"" ""Maids Quarters"" ""Spa""]","[""https://cdn.vistahost.com.br/julioest/vista.imobi/fotos/2705/i8HY8WtU74765_270567106db8b5265.jpg"" ""https://cdn.vistahost.com.br/julioest/vista.imobi/fotos/2705/i8HY8WtU74765_270567106dbb1d9e2.jpg"" ""https://cdn.vistahost.com.br/julioest/vista.imobi/fotos/2705/i8HY8WtU74765_270567106db612d3b.jpg"" ""https://cdn.vistahost.com.br/julioest/vista.imobi/fotos/2705/i8HY8WtU74765_270567106db354823.jpg"" ""https://cdn.vistahost.com.br/julioest/vista.imobi/fotos/2705/i8HY8WtU74765_270567106dc097539.jpg"" ""https://cdn.vistahost.com.br/julioest/vista.imobi/fotos/2705/i8HY8WtU74765_270567106dbd7a295.jpg"" ""https://cdn.vistahost.com.br/julioest/vista.imobi/fotos/2705/i8HY8WtU74765_270567106dc36a80c.jpg"" ""https://cdn.vistahost.com.br/julioest/vista.imobi/fotos/2705/i8HY8WtU74765_270567106dc6312eb.jpg"" ""https://cdn.vistahost.com.br/julioest/vista.imobi/fotos/2705/i8HY8WtU74765_270567106dc8a1232.jpg"" ""https://cdn.vistahost.com.br/julioest/vista.imobi/fotos/2705/i8HY8WtU74765_270567106dcba7143.jpg"" ""https://cdn.vistahost.com.br/julioest/vista.imobi/fotos/3946/iy3CBkQ3078rPpTQ9a_394664466e017a9ae.jpg"" ""https://cdn.vistahost.com.br/julioest/vista.imobi/fotos/3946/iy3CBkQ3078rPpTQ9a_394664466dc6983fc.jpg"" ""https://cdn.vistahost.com.br/julioest/vista.imobi/fotos/3946/iy3CBkQ3078rPpTQ9a_394664466dcb8d84c.jpg"" ""https://cdn.vistahost.com.br/julioest/vista.imobi/fotos/3946/iy3CBkQ3078rPpTQ9a_394664466dd06fc39.jpg"" ""https://cdn.vistahost.com.br/julioest/vista.imobi/fotos/3946/iy3CBkQ3078rPpTQ9a_394664466dd58c4fc.jpg"" ""https://cdn.vistahost.com.br/julioest/vista.imobi/fotos/3946/iy3CBkQ3078rPpTQ9a_394664466dda2fd5e.jpg"" ""https://cdn.vistahost.com.br/julioest/vista.imobi/fotos/3946/iy3CBkQ3078rPpTQ9a_394664466ddfc59a3.jpg"" ""https://cdn.vistahost.com.br/julioest/vista.imobi/fotos/3946/iy3CBkQ3078rPpTQ9a_394664466de45dc48.jpg"" ""https://cdn.vistahost.com.br/julioest/vista.imobi/fotos/3946/iy3CBkQ3078rPpTQ9a_394664466de9083b2.jpg"" ""https://cdn.vistahost.com.br/julioest/vista.imobi/fotos/3946/iy3CBkQ3078rPpTQ9a_394664466deddffb6.jpg"" ""https://cdn.vistahost.com.br/julioest/vista.imobi/fotos/3946/iy3CBkQ3078rPpTQ9a_394664466df2cbbc9.jpg"" ""https://cdn.vistahost.com.br/julioest/vista.imobi/fotos/3946/iy3CBkQ3078rPpTQ9a_394664466df77b573.jpg"" ""https://cdn.vistahost.com.br/julioest/vista.imobi/fotos/3946/iy3CBkQ3078rPpTQ9a_394664466dfca39c0.jpg"" ""https://cdn.vistahost.com.br/julioest/vista.imobi/fotos/3946/iy3CBkQ3078rPpTQ9a_394664466e0adc9c5.jpg"" ""https://cdn.vistahost.com.br/julioest/vista.imobi/fotos/3946/iy3CBkQ3078rPpTQ9a_394664466e116376e.jpg"" ""https://cdn.vistahost.com.br/julioest/vista.imobi/fotos/3946/iy3CBkQ3078rPpTQ9a_394664466e196cc0f.jpg"" ""https://cdn.vistahost.com.br/julioest/vista.imobi/fotos/3946/iy3CBkQ3078rPpTQ9a_394664466e1e3470e.jpg"" ""https://cdn.vistahost.com.br/julioest/vista.imobi/fotos/3946/iy3CBkQ3078rPpTQ9a_394664466e233cdc6.jpg"" ""https://cdn.vistahost.com.br/julioest/vista.imobi/fotos/3946/iy3CBkQ3078rPpTQ9a_394664466e2b03b70.jpg"" ""https://cdn.vistahost.com.br/julioest/vista.imobi/fotos/3946/iy3CBkQ3078rPpTQ9a_394664466e3029dcd.jpg"" ""https://cdn.vistahost.com.br/julioest/vista.imobi/fotos/3946/iy3CBkQ3078rPpTQ9a_394664466e3548b20.jpg"" ""https://cdn.vistahost.com.br/julioest/vista.imobi/fotos/3946/iy3CBkQ3078rPpTQ9a_394664466e39c900f.jpg""]","November 5, 2024, 4:45 PM","February 10, 2026, 7:16 AM",,false,AP0688,true,0,,\x805b1c407b6576c5f65d6309dc6ed5b65224bd9b427166d52f81a13da91cff3d,Not informed,
